# callgrind format
version: 1
creator: callgrind-3.20.0
pid: 31896
cmd:  ./seq-csr/seq-csr -s 10 -e 12
part: 1


desc: I1 cache: 
desc: D1 cache: 
desc: LL cache: 

desc: Timerange: Basic block 0 - 29301179
desc: Trigger: Program termination

positions: line
events: Ir
summary: 188395877


ob=(5) /usr/local/libexec/valgrind/vgpreload_core-amd64-linux.so
fl=(163) ???
fn=(952) 0x0000000000001060
0 5

fn=(540) 0x0000000000001110
0 12

fn=(942) 0x00000000000010d0
0 9
cob=(2) ???
cfi=(50) ???
cfn=(948) 0x000000000483f030
calls=1 0 
0 74
0 1
cfn=(952)
calls=1 0 
0 5
0 3

ob=(1) /usr/lib/x86_64-linux-gnu/ld-linux-x86-64.so.2
fl=(71) ./misc/../sysdeps/unix/syscall-template.S
fn=(226) mprotect
117 30
+5 6

fn=(528) munmap
117 5
+5 1

fl=(13) ./elf/../sysdeps/unix/sysv/linux/dl-sysdep.c
fn=(100) _dl_discover_osversion
46 5
+2 3
+85 5
-45 2
cfi=(36) ./posix/../sysdeps/unix/syscall-template.S
cfn=(102) uname
calls=1 +32 
* 6
+15 1
-15 2
+20 1
-1 1
+3 12
+4 3
-2 6
+2 9
+7 3
-1 3
+4 3
-2 3
+2 10
+5 2

fl=(36)
fn=(102)
120 5
+2 1

fl=(60) ./misc/../sysdeps/unix/sysv/linux/mmap64.c
fn=(188) mmap
47 32
+3 32
+8 64
+2 16

fl=(162) ./elf/./elf/dl-init.c
fn=(532) _dl_init
77 12
+1 1
+1 1
+3 3
+8 2
+25 1
+1 5
+1 2
-86 4
+86 8
-86 16
+2 26
cfn=(534) call_init.part.0
calls=4 -7 
* 265
+83 15
+7 8
-92 4
+2 6
cfn=(534)
calls=1 -7 
* 72
+52 2

fn=(534)
26 40
+13 5
-13 5
+16 5
-3 10
+3 10
+5 8
+8 12
+1 12
cob=(2)
cfi=(50)
cfn=(556) 0x0000000004866000
calls=1 -56 
* 7
cob=(2)
cfi=(50)
cfn=(536) 0x000000000483f000
calls=1 -56 
* 7
+3 4
+1 8
+6 6
+2 6
-2 3
+3 19
+1 4
cob=(3) /usr/lib/x86_64-linux-gnu/libc.so.6
cfi=(167) ./libio/./libio/vtables.c
cfn=(554) check_stdfiles_vtables
calls=1 +13 
* 12
* 12
cob=(4) /usr/lib/x86_64-linux-gnu/libm.so.6
cfi=(168) ???
cfn=(560) 0x000000000000e460
calls=1 -70 
* 12
cob=(3)
cfi=(164) ./csu/./csu/init-first.c
cfn=(546) _init_first
calls=1 -24 
* 74
cob=(5)
cfi=(163)
cfn=(540)
calls=1 -70 
* 12
-1 12
+3 30
-29 2

fl=(54) ./string/./string/strdup.c
fn=(166) strdup
40 15
+1 3
cfi=(22) ./string/../sysdeps/x86_64/multiarch/strlen-vec.S
cfn=(60) strlen
calls=3 * 
* 105
* 3
fi=(251) ./string/../include/rtld-malloc.h
+15 6
cfi=(27) ./elf/./elf/dl-minimal-malloc.c
cfn=(76) __minimal_malloc
calls=3 -21 
* 75
fe=(54)
-12 6
+4 3
-1 9
+1 6
-1 3
cfi=(29) ./string/../sysdeps/x86_64/multiarch/memmove-vec-unaligned-erms.S
cfn=(80) memcpy
calls=3 212 
* 41

fl=(64) ./io/../sysdeps/unix/sysv/linux/close_nocancel.c
fn=(198) __GI___close_nocancel
25 4
+1 16
+1 4

fl=(44) ./string/../sysdeps/x86_64/multiarch/memset-vec-unaligned-erms.S
fn=(132) memset
125 8
+1 40
+6 8
+1 8
+1 6
+1 6
+69 4
+1 4
+2 4
+76 6
+1 6
+5 6
+3 6
+1 6
+3 2
+1 2
+13 2
+1 2
+2 2
+3 1
+3 2
+3 1
+1 1
+1 1
+1 1
+1 1
+1 1
+1 1
-6 27
+1 27
+1 27
+1 27
+1 27
+1 27
+1 27
+3 2
+1 2
+1 2
+1 2
+5 2
+29 2
+1 2
+1 2
+32 2
+1 2
+1 2

fl=(32) ./string/../sysdeps/x86_64/strcmp.S
fn=(90) strcmp
108 285
+33 285
+1 285
+2 285
+1 285
+21 285
+1 285
+1 241
+1 241
+1 193
+1 193
+1 193
+1 193
+21 193
+1 193
+1 193
+1 193
+1 193
+1 193
+1 193
+5 5
+1 15
+9 5
+1 5
+1 5
+1 5
+1 5
+1 5
+1 5
+1 5
-7 92
+1 92
+1 92
+1 92
+1 92
+1 92
+1 92
+1 92
+1 90
+1 38
+1 38
+1 38
+2 38
+1 38
+1 38
+1 38
+1 38
+1 38
-5 52
+1 52
+1 52
+1 52
+1 52
+1 52
+10 7
+1 7
+1 7
+2 7
+6 7
+1 7
+1 7
+1 7
+1 7
+5 7
+2 4
+1 4
+1 8
+8 4
+1 4
+3 4
+1 4
+1 4
+1 4
+1 4
+1 4
943 3
+1 3
+1 3
+1 3
+1 3
+2 3
+1 3
+1 3
+1 3
+1 3
+1 3
+1 3
+1 2
+4 2
+1 2
+1 2
+6 2
+1 2
+1 4
+4 2
+1 2
+3 2
+1 2
+1 2
+3 2
+1 2
+1 2
+6 2
+1 2
+1 2
+1 2
+1 2
+1 2
+72 7
+1 7
+1 7
+1 7
+1 7
+2 7
+1 7
+1 7
+1 7
+1 7
+1 7
+1 7
+1 2
+4 2
+1 2
+1 2
+6 2
+1 2
+1 4
+4 2
+1 2
+3 2
+1 2
+1 2
+3 2
+1 2
+1 2
+6 2
+1 2
+1 2
+1 2
+1 2
+1 2
+7 1
+1 1
+2 1
+1 1
+2 1
+1 1
+1 1
+3 1
+1 1
+1 1
+6 1
+1 1
+1 1
+1 1
+1 1
+1 1
+41 4
+1 4
+1 4
+1 4
+1 4
+2 4
+1 4
+1 4
+1 4
+1 4
+1 4
+1 4
+1 1
+4 1
+1 1
+1 1
+6 1
+1 1
+1 2
+4 1
+1 1
+3 1
+1 1
+1 1
+3 1
+1 1
+1 1
+6 1
+1 1
+1 1
+1 1
+1 1
+1 1
+72 18
+1 18
+1 18
+1 18
+1 18
+2 18
+1 18
+1 18
+1 18
+1 18
+1 18
+1 18
+1 7
+4 7
+1 7
+1 7
+6 7
+1 7
+1 14
+4 7
+1 7
+3 7
+1 7
+1 7
+3 7
+1 7
+1 7
+6 7
+1 7
+1 7
+1 7
+1 7
+1 7
+44 1
+1 1
+1 1
+1 1
+7 1
+1 1
+1 1
+16 6
+1 6
+1 6
+1 6
+1 6
+2 6
+1 6
+1 6
+1 6
+1 6
+1 6
+1 6
+1 1
+4 1
+1 1
+1 1
+6 1
+1 1
+1 2
+4 1
+1 1
+3 1
+1 1
+1 1
+3 1
+1 1
+1 1
+6 1
+1 1
+1 1
+1 1
+1 1
+1 1
1693 10
+1 10
+1 10
+1 10
+1 10
+2 10
+1 10
+1 10
+1 10
+1 10
+1 10
+1 10
+1 5
+4 5
+1 5
+1 5
+6 5
+1 5
+1 10
+4 5
+1 5
+3 5
+1 5
+1 5
+3 5
+1 5
+1 5
+6 5
+1 5
+1 5
+1 5
+1 5
+1 5
+72 1
+1 1
+1 1
+1 1
+1 1
+2 1
+1 1
+1 1
+1 1
+1 1
+1 1
+1 1
1943 14
+1 14
+1 14
+1 14
+1 14
+2 14
+1 14
+1 14
+1 14
+1 14
+1 14
+1 14
+1 2
+4 2
+1 2
+1 2
+6 2
+1 2
+1 4
+4 2
+1 2
+3 2
+1 2
+1 2
+3 2
+1 2
+1 2
+6 2
+1 2
+1 2
+1 2
+1 2
+1 2
+72 27
+1 27
+1 27
+1 27
+1 27
+2 27
+1 27
+1 27
+1 27
+1 27
+1 27
+1 27
+2 9
+4 9
+1 9
+1 9
+6 9
+1 9
+2 18
+4 9
+1 9
+3 9
+1 9
+1 9
+3 9
+1 9
+1 9
+6 9
+1 9
+1 9
+1 9
+1 9
+1 9
+74 33
+2 33
+1 33
+1 33
+1 33
-3 64
+1 64
+1 64
+1 64
+1 76
+5 38
+6 38
+1 38
+8 38
+1 38
-16 247
+6 247
+1 247
+8 247
+1 247

fl=(76) ./elf/../sysdeps/x86/dl-cet.c
fn=(260) _dl_cet_check
252 8
42 1
+9 1
-10 1
+4 1
-4 1
+3 1
+4 2
+1 2
-1 2
+14 2
254 8

fl=(2) ./elf/./elf/rtld.c
fn=(2) _dl_start
527 10
85 1
fi=(6) ./elf/../sysdeps/x86_64/dl-machine.h
-40 1
fe=(2)
557 1
-4 1
85 2
556 1
85 1
fi=(3) ./elf/./get-dynamic-info.h
-40 1
fe=(2)
556 1
fi=(3)
45 2
+9 1
+5 1
+3 1
+2 1
+4 1
-7 1
-3 1
-3 14
+13 4
-23 16
+23 14
-23 56
+4 36
+5 20
+2 5
+3 4
fi=(4) ./elf/../sysdeps/generic/ldsodefs.h
+21 1
fi=(3)
-8 3
+10 4
+1 4
+1 4
+1 4
+2 4
+5 4
+1 4
+1 4
+3 3
+5 2
+7 3
+1 3
+8 2
+1 2
+5 3
+3 3
fe=(2)
573 1
fi=(6)
71 1
fe=(2)
573 42
fi=(6)
414 1
fi=(5) ./elf/./elf/do-rel.h
86 1
fe=(2)
573 2
fi=(5)
49 1
+37 1
-37 1
+37 1
+2 1
-2 1
+2 1
-2 1
+27 2
-27 1
fe=(2)
573 2
fi=(5)
49 1
+37 1
-37 1
+37 1
+2 1
-2 1
+2 1
-2 1
+27 3
+1 2
fi=(6)
534 2
fi=(5)
114 282
fi=(6)
534 282
+1 142
fi=(5)
113 142
fi=(6)
535 284
fi=(5)
113 284
+5 4
+8 7
fi=(6)
326 12
fi=(5)
126 21
+2 7
+2 7
-2 7
fi=(6)
287 7
fi=(5)
130 7
-2 7
+1 14
fi=(6)
287 14
+9 70
+3 14
+27 33
fe=(2)
573 6
fi=(5)
50 1
fi=(4)
+30 2
fi=(6)
326 2
+20 12
+1 6
fe=(2)
575 1
+13 1
cfi=(7) ./elf/./elf/dl-minimal.c
cfn=(12) __rtld_malloc_init_stubs
calls=1 42 
* 10
+4 2
85 1
488 2
85 3
488 1
cfi=(8) ./elf/./elf/dl-setup_hash.c
cfn=(14) _dl_setup_hash
calls=1 25 
* 29
+2 2
-1 1
+1 2
+17 1
-15 1
-2 1
+17 1
-15 1
+9 1
-11 1
+17 1
cfi=(9) ./elf/../elf/dl-sysdep.c
cfn=(16) _dl_sysdep_start
calls=1 85 
* 177032
* 1
+2 2
+98 9
fi=(3)
62 4
+2 4
fe=(2)
573 3

fn=(158) map_doit
663 2
+2 1
-2 1
+2 1
+1 2
-1 2
+1 3
cfi=(31) ./elf/./elf/dl-load.c
cfn=(160) _dl_map_object
calls=1 2022 
* 2712
* 1
+2 2

fn=(242) version_check_doit
696 3
+2 4
cfi=(74) ./elf/./elf/dl-version.c
cfn=(244) _dl_check_all_versions
calls=1 361 
* 7259
* 2
+4 2

fn=(64) dl_main
1320 2
205 1
311 1
1320 2
2818 1
1320 3
2829 1
1320 2
2698 1
1320 2
311 1
1320 3
207 1
310 1
205 1
+99 3
1332 1
cfi=(24) ./elf/../sysdeps/nptl/dl-tls_init_tp.c
cfn=(66) __tls_pre_init_tp
calls=1 53 
* 17
2677 3
+6 5
-4 1
+4 1
+2 3
cfi=(25) ./elf/./elf/dl-environ.c
cfn=(68) _dl_next_ld_env_entry
calls=1 28 
* 357
* 2
cfi=(25)
cfn=(68)
calls=1 28 
* 7
* 6
+4 3
-2 1
+2 3
+1 1
-1 3
+1 6
-1 32
+9 6
2845 4
+32 2
1348 1
+1 2
-1 2
+1 2
2719 2
+7 2
1627 9
cfi=(26) ./elf/./elf/dl-object.c
cfn=(70) _dl_new_object
calls=1 59 
* 230
* 1
+2 2
+1 1
+6 2
-6 1
+1 2
+1 3
+4 1
cfi=(26)
cfn=(82) _dl_add_to_namespace_list
calls=1 31 
* 36
+1 2
1140 1
1326 1
1169 1
-29 1
+11 1
+18 2
-21 1
+21 1
-19 1
-4 1
+23 1
-21 1
+21 2
+57 1
-83 1
+23 1
+4 1
+19 1
+22 1
+15 5
-56 116
1275 4
+2 1
1169 18
fi=(30) ./elf/../sysdeps/x86/dl-prop.h
105 2
fe=(2)
1282 22
+6 4
cfi=(31)
cfn=(88) _dl_process_pt_gnu_property
calls=1 868 
* 20
-7 26
+1 13
+6 13
-6 26
fi=(30)
212 4
+1 2
95 8
+10 2
212 1
105 1
-2 1
-3 1
+2 1
+3 1
-4 2
+92 4
-1 1
-87 3
+3 3
+1 2
+1 2
+4 3
+4 3
+3 3
+1 2
+4 1
+1 4
+58 3
+2 4
-56 4
+1 2
+3 4
+3 2
+1 8
+5 4
+2 4
+5 4
+14 2
-1 4
+2 2
fe=(2)
1174 1
-5 1
+5 2
-5 2
+30 1
-9 1
+27 1
-27 1
+2 1
-3 1
+10 2
-20 2
-10 1
+10 1
+1 9
-11 2
+57 4
-1 4
+1 8
-1 4
+2 8
+1 1
+2 12
+1 14
+4 8
+1 8
+1 4
+1 10
+1 1
+4 1
-74 1
+74 2
-74 2
+74 3
-74 3
+74 6
-74 6
fi=(30)
165 2
fe=(2)
1271 1
1169 1
1271 1
1169 2
1294 1
+3 2
+2 1
-5 2
+3 2
+2 2
+2 2
1662 3
+2 1
-1 1
+1 2
+1 2
-2 1
+2 1
-2 2
cfi=(32)
cfn=(90)
calls=1 108 
* 34
* 2
+7 1
+3 1
-5 1
+3 1
+2 1
+1 2
+4 2
+2 2
fi=(3)
39 3
+6 1
-2 1
+2 2
+9 1
+5 1
+3 1
+2 1
-3 1
-3 1
-3 17
+13 5
-23 20
+23 22
-23 88
+4 54
+5 24
+2 5
+16 3
+25 3
+5 2
+7 2
+1 3
+22 3
+5 2
+2 2
+2 2
+2 2
+1 1
+3 3
+2 3
+1 2
+9 2
+6 2
+1 2
+3 2
fe=(2)
1688 3
+7 2
cfi=(8)
cfn=(14)
calls=1 25 
* 29
+3 2
fi=(33) ./elf/./setup-vdso.h
24 2
fi=(35) ./elf/../sysdeps/unix/sysv/linux/dl-vdso-setup.h
+21 1
fe=(2)
1723 1
cfi=(13)
cfn=(100)
calls=1 46 
* 80
* 8
fi=(37) ./elf/./dl-main.h
109 5
cfi=(31)
cfn=(106) _dl_init_paths
calls=1 706 
* 2142
fe=(2)
1731 3
cfi=(45) ./elf/./elf/dl-debug.c
cfn=(134) _dl_debug_initialize
calls=1 56 
* 30
+7 1
-7 1
+2 1
+5 1
+4 1
+3 1
-3 3
+1 2
+3 1
+5 1
-7 1
+7 1
+1 3
+12 2
+1 2
+5 1
-3 2
+2 1
+1 2
+5 3
+1 5
-1 2
233 1
-1 1
+1 3
+1 2
-2 1
+2 2
1793 2
+5 1
-1 1
+1 1
+24 1
cfi=(46) ./elf/../elf/dl-tls.c
cfn=(136) _dl_count_modids
calls=1 197 
* 6
* 1
fi=(47) ./elf/../sysdeps/generic/dl-debug.h
29 3
+1 2
fe=(2)
1828 2
+1 1
cfi=(45)
cfn=(140) _dl_debug_state
calls=1 116 
* 2
+1 1
+4 3
cfi=(48) ./elf/./elf/dl-audit.c
cfn=(142) _dl_audit_activity_map
calls=1 28 
* 16
+5 3
+2 1
+2 2
+9 2
+16 4
cfi=(65) ./io/../sysdeps/unix/sysv/linux/access.c
cfn=(202) access
calls=1 25 
* 9
* 2
+76 4
+16 3
85 1
1970 1
85 2
1970 2
85 1
1970 5
cfi=(66) ./elf/./elf/dl-deps.c
cfn=(204) _dl_map_object_deps
calls=1 159 
* 12561
92 1
1976 1
92 2
+9 2
1976 2
+1 5
-1 4
+1 8
-1 16
+4 4
+1 3
+1 1
+2 2
+1 4
-1 13
+1 12
+12 3
+1 2
+2 1
+2 3
+2 1
-4 1
+5 1
-1 2
+14 2
+1 2
+1 3
+11 2
+2 1
-2 1
+2 2
-2 1
+1 2
+1 1
-1 2
+1 1
cfi=(51) ./elf/./elf/dl-error-skeleton.c
cfn=(240) _dl_receive_error
calls=1 238 
* 7287
+10 2
+1 2
+3 2
862 1
fi=(252) ./elf/../sysdeps/unix/sysv/linux/dl-osinfo.h
64 2
fe=(2)
864 1
+6 1
+3 1
+7 1
-5 1
2052 3
2282 3
1778 2
+6 1
-6 2
+6 1
+2 3
fi=(30)
198 4
+2 1
+1 1
+2 1
-3 3
+3 1
fi=(3)
59 4
+3 4
+2 4
fi=(34) ./elf/../sysdeps/unix/sysv/linux/dl-vdso.h
-24 1
+1 2
fe=(2)
2331 1
1325 1
2342 1
-4 2
+10 1
-6 1
+6 1
+3 2
+8 1
fi=(30)
36 1
fe=(2)
2359 1
fi=(30)
37 3
+3 1
+13 7
-13 4
+9 8
-9 1
+9 25
+4 20
-16 15
+34 3
cfi=(76)
cfn=(260)
calls=1 252 
* 30
fe=(2)
2361 2
+54 3
+3 1
85 4
2422 1
+1 22
+2 10
+5 10
+2 10
+6 5
+2 15
+1 32
cfi=(77) ./elf/./elf/dl-reloc.c
cfn=(262) _dl_relocate_object
calls=4 194 
* 101613
+4 12
+1 2
-23 1
+23 1
cfi=(46)
cfn=(402) _dl_add_to_slotinfo
calls=1 1015 
* 28
-23 6
92 3
+1 1
2454 1
93 1
2454 1
+5 4
+2 1
+7 3
cfi=(46)
cfn=(472) _dl_allocate_tls_init
calls=1 528 
* 146
+3 2
fi=(3)
72 2
+10 3
+1 4
+1 4
+1 4
+2 4
+5 4
+1 4
+1 5
fi=(35)
-64 3
+3 1
+3 1
+3 1
fi=(34)
+16 2
fe=(2)
2434 1
+1 1
-3 2
+49 3
+2 4
+10 1
cfi=(147) ./elf/./elf/dl-find_object.c
cfn=(474) _dl_find_object_init
calls=1 561 
* 713
+5 2
cfi=(7)
cfn=(482) __rtld_malloc_init_real
calls=1 76 
* 2548
+3 1
cfi=(151) ./elf/../sysdeps/nptl/dl-mutex.c
cfn=(490) __rtld_mutex_init
calls=1 30 
* 415
85 1
2507 1
+1 3
85 3
2508 2
cfi=(77)
cfn=(262)
calls=1 194 
* 5070
92 3
+9 2
2516 3
cfi=(153) ./elf/./elf/dl-call-libc-early-init.c
cfn=(496) _dl_call_libc_early_init
calls=1 27 
* 1353
+7 1
cfi=(9)
cfn=(522) _dl_sysdep_start_cleanup
calls=1 262 
* 2
+4 3
cfi=(48)
cfn=(524) _dl_audit_activity_nsid
calls=1 40 
* 21
+5 2
cfi=(45)
cfn=(180) _dl_debug_update
calls=1 38 
* 7
+1 1
-1 1
+2 1
cfi=(45)
cfn=(140)
calls=1 116 
* 2
+1 1
+4 1
cfi=(67) ./elf/./elf/dl-cache.c
cfn=(526) _dl_unload_cache
calls=1 537 
* 18
+5 8
1741 4
1995 2
+50 2
cfn=(248) init_tls
calls=1 756 
* 789
* 2
2726 4
+2 2
+1 1
85 1
1847 1
85 2
1847 1
85 1
1847 2
cfn=(144) handle_preload_list
calls=1 894 
* 3154
* 1
92 3
+9 3
1948 16
+1 1
-1 1
+4 3
+1 1
+1 2
+1 2
-7 2
fi=(30)
170 3
-39 2
fe=(2)

fn=(248)
756 3
+2 1
+4 1
-4 1
+4 2
+11 1
fi=(28) ./elf/../include/rtld-malloc.h
44 1
fe=(2)
768 1
+4 1
fi=(28)
44 1
cfi=(27)
cfn=(72) __minimal_calloc
calls=1 +34 
* 36
fe=(2)
783 1
-12 1
+6 1
-9 1
+11 1
+4 1
+2 3
-1 2
+3 10
+4 1
+2 1
-2 2
-5 1
-1 2
+10 3
+3 2
cfi=(46)
cfn=(250) _dl_tls_static_surplus_init
calls=1 97 
* 79
+3 1
cfi=(46)
cfn=(252) _dl_determine_tlsoffset
calls=1 221 
* 76
+7 1
cfi=(46)
cfn=(254) _dl_allocate_tls_storage
calls=1 422 
* 442
* 1
+1 2
+6 1
+3 2
-3 1
+3 6
+3 1
cfi=(24)
cfn=(256) __tls_init_tp
calls=1 68 
* 75
+1 1
+3 5
-39 4
-1 9

fn=(144)
894 10
+5 1
-5 2
+5 2
+6 1
-64 1
+54 3
+7 3
cfi=(49) ./string/../sysdeps/x86_64/strcspn.S
cfn=(146) strcspn
calls=1 25 
* 251
* 1
+1 3
+9 1
191 1
914 2
191 2
916 2
-80 1
+5 5
-10 1
+8 1
-4 1
+1 1
+1 1
+4 1
cob=(2)
cfi=(50)
cfn=(148) 0x0000000004002080
calls=1 0 
* 2813
+1 3
+8 3
+67 1
-18 2
+21 9
-15 4
cfi=(29)
cfn=(80)
calls=1 212 
* 19
+1 2

fl=(78) ./elf/./elf/dl-lookup.c
fn=(274) check_match
70 121
+3 121
-3 1452
+3 478
+13 118
-13 118
+13 118
-13 118
+13 354
+3 452
cfi=(32)
cfn=(90)
calls=54 +19 
* 2437
* 108
+4 118
+1 236
+2 232
+19 232
+1 928
+2 2
-40 117
+84 702
-18 4
+2 4
+1 2
-1 4
+1 6
-1 4
+9 1
+7 24
-45 345
cfi=(32)
cfn=(90)
calls=115 -9 
* 2941
* 230
-44 12
+82 6

fn=(272) do_lookup_x
363 1016
+1 127
-1 635
+48 127
-30 254
-11 127
+41 127
-30 381
+30 127
fi=(79) ./elf/../sysdeps/generic/dl-protected.h
44 381
fe=(78)
381 127
fi=(79)
44 508
fe=(78)
395 1539
+4 513
+4 513
-3 513
+3 2052
+1 1539
+3 513
+1 1026
+7 513
-3 1026
-2 513
+5 2052
+3 3591
570 1194
374 1030
+3 1030
+4 1046
+4 1026
+4 1026
+88 234
fi=(4)
137 234
+1 351
fe=(78)
528 234
fi=(79)
29 234
fe=(78)
535 884
+16 234
+1 117
+1 234
422 544
-1 272
+2 272
+2 1560
+13 489
-10 1400
+3 121
-1 242
+1 121
-1 121
+2 242
-1 1452
cfn=(274)
calls=121 70 
* 12145
+4 363
+3 8
573 10
+1 1016
-35 39
-70 26
171 91
452 936

fn=(270) _dl_lookup_symbol_x
840 1270
+10 127
-10 254
+10 127
-10 127
+10 127
204 127
840 127
204 635
581 508
-1 254
+2 127
-1 127
+1 381
-1 381
+1 1498
-1 1498
+1 4494
-1 4494
+2 127
846 127
-4 127
+1 127
+7 127
-8 127
+1 127
+7 472
+3 127
+2 254
-2 127
+6 254
-7 762
+7 50
+1 1778
cfn=(272)
calls=127 363 
* 50418
* 381
+28 127
-23 127
+23 127
-23 254
+24 686
+7 117
-7 117
+40 468
+79 234
-65 351
+3 351
-62 127
+69 1143
-86 60
+18 30
+59 2

fl=(55) ./io/../sysdeps/unix/sysv/linux/open64_nocancel.c
fn=(170) __open_nocancel
28 4
+3 4
-3 12
+3 24
+8 28
+2 4

fl=(42) ./string/../sysdeps/x86_64/multiarch/../strchr.S
fn=(118) index
23 18
+1 18
+1 18
+1 18
+1 18
+1 18
+1 18
+1 18
+1 18
+1 18
+1 18
+1 18
+1 18
+1 18
+1 18
+1 18
+1 18
+1 18
+1 15
+4 15
+1 15
+1 15
+1 15
+2 15
+4 3
+1 3
+1 3
+1 3
+1 3
+1 3
+1 3
+1 3
+1 3
+1 3
+1 3
+1 3
+1 3
+1 3
+1 3
+1 3
+1 3
+1 3
+1 3
+1 3
+1 3
+1 3
+1 3
+1 3
+52 3
+4 3
+1 3
+1 3
+1 3
+2 3

fl=(31)
fn=(206) _dl_dst_count
238 10
+3 5
-3 10
+7 5
-7 10
+3 5
cfi=(42)
cfn=(118)
calls=5 23 
* 168
+3 10
+20 35

fn=(106)
706 11
+14 1
-14 2
+14 2
cfi=(38) ./elf/./elf/dl-hwcaps.c
cfn=(108) _dl_important_hwcaps
calls=1 175 
* 1847
fi=(28)
56 1
fe=(31)
720 1
fi=(28)
56 1
cfi=(27)
cfn=(76)
calls=1 -21 
* 25
fe=(31)
725 1
+2 2
+7 2
+1 2
-1 3
+5 3
fi=(28)
56 1
cfi=(27)
cfn=(76)
calls=1 -21 
* 25
fe=(31)
739 1
+2 4
+17 1
-10 1
+19 1
-11 1
-9 1
+9 1
+12 2
-10 1
+3 2
+9 1
-7 1
+4 1
+3 2
-3 1
-8 1
+3 1
+8 1
-3 1
+1 16
cfi=(44)
cfn=(132)
calls=4 125 
* 72
+2 18
-14 3
+10 3
+4 3
-12 3
-2 3
+2 3
+4 3
-3 3
+3 3
+1 3
-2 3
+5 6
+1 3
-4 3
+4 3
+15 1
+3 1
-15 1
+7 1
-1 1
+9 2
+2 4
+2 3
+36 3
+31 1
+1 8
-49 1
-2 1
+2 2
+14 2

fn=(164) expand_dynamic_string_token
385 7
241 1
385 1
241 1
385 1
241 1
cfi=(42)
cfn=(118)
calls=1 23 
* 48
+3 2
410 1
-11 1
+11 6
-11 1
cfi=(54)
cfn=(166)
calls=1 40 
* 97

fn=(168) open_verify.constprop.1
1568 11
+39 3
+19 4
cfi=(55)
cfn=(170)
calls=1 28 
* 19
* 1
+2 2
+11 1
+6 2
-5 1
+5 8
cfi=(56) ./io/../sysdeps/unix/sysv/linux/read_nocancel.c
cfn=(172) __read_nocancel
calls=1 25 
* 6
+2 2
+2 2
+2 2
+6 2
+17 11
fi=(28)
50 2
cfi=(27)
cfn=(176) __minimal_free
calls=1 +45 
* 5
fe=(31)
1856 9
1674 3
+74 2
+5 2
+2 4
+6 2
+6 1
+1 1
-1 3
+1 1
-1 1
+1 2
+1 2
+20 3
+31 1
-31 1
1633 1
1820 2
-31 66
+1 28
+1 8
+4 8
+25 12
+3 18
+3 2
-4 2
+4 4
+6 4
-36 6

fn=(88)
868 4
+8 4
-8 4
+8 4
-6 4
+12 8
-13 4
+13 4
-13 4
+13 8
+3 12
+1 8
+1 8
+43 4

fn=(178) _dl_map_object_from_fd
944 30
+10 3
-10 12
+10 3
cfi=(45)
cfn=(180)
calls=3 38 
* 21
* 3
+7 12
+85 12
+10 6
+7 21
cfi=(26)
cfn=(70)
calls=3 59 
* 1078
* 3
+1 6
+11 6
+5 3
-5 3
+1 6
+1 3
+2 3
-2 3
+2 6
+1 9
+1 4
+19 4
-2 2
+2 22
-2 1
+2 40
+10 12
+85 3
-58 3
-34 3
-1 3
+93 3
+6 3
-64 6
+9 3
+55 6
-55 3
-42 3
+97 6
1101 3
-5 6
+15 86
+20 2
+1 1
-22 99
+1 185
1213 6
1110 3
1213 6
1110 9
1218 9
+10 6
+1 3
-1 3
+1 3
-1 9
+1 9
-1 9
+1 9
-1 27
1076 6
1235 6
+10 12
+7 6
fi=(61) ./elf/./dl-map-segments.h
96 3
fe=(31)
1252 9
fi=(61)
28 3
fe=(31)
1252 3
fi=(61)
96 3
fe=(31)
1252 3
fi=(61)
28 6
+1 24
cfi=(60)
cfn=(188)
calls=3 +18 
* 27
+74 6
-1 3
-73 3
+74 3
+3 6
+1 3
+2 3
-3 3
+1 3
+2 3
+7 8
+3 4
cfi=(71)
cfn=(226)
calls=1 -2 
* 6
* 3
+7 3
+2 3
fi=(62) ./elf/./dl-load.h
-37 24
+1 9
+2 24
fi=(61)
+56 48
+8 3
-2 3
+1 3
+2 3
-1 3
+1 3
-1 9
+8 6
+3 6
+8 21
cfi=(44)
cfn=(132)
calls=3 -52 
* 252
+1 6
+5 6
+12 12
-59 60
+2 18
+3 9
-3 18
+2 72
cfi=(60)
cfn=(188)
calls=9 -93 
* 81
* 27
fi=(57) ./elf/../sysdeps/posix/dl-fileid.h
37 9
cfi=(58) ./io/../sysdeps/unix/sysv/linux/fstat64.c
cfn=(184) fstat
calls=3 -8 
* 45
* 6
fe=(31)
999 6
fi=(57)
40 9
fe=(31)
999 3
fi=(57)
40 3
fe=(31)
999 39
+1 18
fi=(57)
49 24
fe=(31)
1515 27
1018 6
+66 13
+1 2
-1 1
+1 1
-1 1
+1 1
cfi=(70) ./io/../sysdeps/unix/sysv/linux/pread64_nocancel.c
cfn=(224) __pread64_nocancel
calls=1 25 
* 7
* 2
+26 38
+26 72
+10 12
-1 12
-1 12
+2 12
+2 12
-2 12
-1 72
+2 24
+1 12
+2 12
-3 12
+3 72
+2 24
+4 24
+1 45
+4 9
+1 9
-1 9
+1 63
-18 9
+28 9
-11 3
+1 3
-1 3
+1 21
-18 3
+28 3
-56 6
+7 3
+2 3
-2 3
+1 3
+1 3
-1 6
+1 24
+50 3
+5 1
-1 2
+5 1
-5 2
-56 1
+61 4
+1 1
+3 1
-3 1
+8 4
+15 6
+1 3
+58 12
+1 9
fi=(63) ./elf/./elf/get-dynamic-info.h
39 6
+6 3
-2 3
+2 6
+9 3
+5 3
+3 3
+2 3
-3 3
-3 3
-3 48
+13 14
-23 56
+23 56
-23 224
+4 140
+5 68
+2 15
+3 12
+13 12
+10 11
+1 12
+1 12
+1 12
+2 12
+5 11
+1 11
+1 12
+3 9
+5 4
+7 6
+1 9
+22 9
+5 4
+2 4
+2 4
+2 4
+4 9
+2 3
+1 2
+9 2
+6 2
+4 6
fe=(31)
1275 6
+1 6
+2 6
+10 9
+19 9
+2 15
+52 9
+1 2
+6 24
+1 60
+6 12
cfn=(88)
calls=3 868 
* 60
-7 78
+1 36
+6 36
-6 72
fi=(30)
95 24
213 3
-1 6
105 6
212 3
105 3
-2 3
-3 3
+2 3
+3 3
-4 6
+92 12
-1 3
-87 9
+3 9
+1 6
+1 6
+4 9
+4 9
+3 9
+1 6
+4 3
+1 12
+58 9
+2 12
-56 10
+1 5
+3 10
+3 5
+1 20
+5 10
+2 10
+5 10
+14 5
-1 10
+2 4
-1 6
fe=(31)
1380 6
cfi=(64)
cfn=(198)
calls=3 25 
* 18
* 6
+13 6
+2 12
+2 6
+16 6
cfi=(8)
cfn=(14)
calls=3 25 
* 87
+4 6
+1 6
+17 6
+1 1
+3 1
+5 1
-5 1
+5 1
-5 2
+5 2
-5 2
+5 2
+10 6
+7 18
+10 6
+1 4
+5 2
cfi=(46)
cfn=(228) _dl_assign_tls_modid
calls=1 131 
* 10
+7 9
cfi=(26)
cfn=(82)
calls=3 31 
* 147
+3 12
+23 21
+1 9
cfi=(48)
cfn=(200) _dl_audit_objopen
calls=3 76 
* 15
* 3
fi=(62)
95 10
+2 2
-1 4
+1 2
-1 2
+1 2
-1 2
+1 2
-1 4
+3 8
fe=(31)
1506 15
fi=(30)
198 12
+2 3
+1 3
+2 3
-3 9
fe=(31)
1368 9
fi=(63)
62 12
+2 12
fe=(31)
1084 2
fi=(61)
187 8
cfi=(60)
cfn=(188)
calls=1 47 
* 9
+3 2
fe=(31)
1462 9
+2 2
-1 10
+1 2
-1 2
+1 2
-1 2
cfi=(32)
cfn=(90)
calls=2 108 
* 50
* 4
+2 5
1275 4
fi=(57)
49 3
fi=(30)
170 6
-39 4
fe=(31)

fn=(160)
2022 60
+8 12
+1 24
+3 93
+5 126
+2 54
cfi=(53) ./elf/./elf/dl-misc.c
cfn=(162) _dl_name_match_p
calls=18 68 
* 2128
* 36
+4 30
+1 45
+4 6
-1 30
+1 6
+1 6
-1 6
+1 6
cfi=(32)
cfn=(90)
calls=6 108 
* 238
* 12
2329 54
2068 3
+1 3
-1 3
+1 3
-1 3
+1 3
-1 6
-44 3
+53 9
+17 6
-2 3
+2 3
cfi=(42)
cfn=(118)
calls=3 23 
* 72
* 6
2260 2
-1 3
cfn=(164)
calls=1 385 
* 168
+2 1
-3 1
+1 1
+2 2
+4 5
cfn=(168)
calls=1 1568 
* 283
+3 2
-3 1
+3 1
+12 4
+46 1
+1 3
-1 1
+1 9
cfn=(178)
calls=1 944 
* 1848
-1 2
+1 6
-1 2
+1 18
cfn=(178)
calls=2 944 
* 4130
* 9
2098 4
cfi=(22)
cfn=(60)
calls=2 41 
* 34
* 4
+2 4
+7 8
682 2
2165 2
682 4
2252 4
+28 8
+2 8
2111 2
696 6
2111 2
+1 2
696 4
2116 6
682 2
2117 2
682 4
2164 4
+9 2
+14 4
+2 6
+4 4
cfi=(67)
cfn=(210) _dl_load_cache_lookup
calls=2 416 
* 2146
* 2
+2 4
+4 4
+8 6
+23 12
cfn=(220) open_verify.constprop.0
calls=2 1568 
* 669
+4 4
-4 2
+4 2
+1 4
2131 10
+1 20
682 2
2133 2
682 4
2157 6
-15 4

fn=(220)
1568 22
+39 6
+19 8
cfi=(55)
cfn=(170)
calls=2 28 
* 38
* 2
+2 4
+11 2
+6 4
-5 2
+5 16
cfi=(56)
cfn=(172)
calls=2 25 
* 12
+2 4
+2 4
+2 4
+6 4
+17 22
fi=(28)
50 4
cfi=(27)
cfn=(176)
calls=2 +45 
* 10
fe=(31)
1856 18
1674 6
+74 4
+5 4
+2 8
+6 4
+6 2
+1 2
-1 6
+1 2
-1 2
+1 4
+1 2
+20 6
+31 2
-31 2
1633 2
1820 4
-31 84
+1 44
+1 16
+4 16
+6 4
+1 28
+10 12
cfi=(70)
cfn=(224)
calls=2 25 
* 14
* 16
+8 36
+15 4
+6 2
-3 2
+1 2
+1 2
+1 4
-3 2
+1 2
+1 2
+2 2
-3 6
-1 2
+4 4
-19 36
+3 4
-4 4
+4 8
+5 2
+1 8
-60 13
+1 3
-1 1
+1 3
cfi=(70)
cfn=(224)
calls=1 25 
* 7
* 3
+16 5
+7 6
1674 6
1802 4
-30 2

fl=(151)
fn=(490)
30 2
+10 3
-10 1
+10 2
-10 1
+7 1
+3 2
cfi=(152) ./elf/./elf/dl-lookup-direct.c
cfn=(492) _dl_lookup_direct
calls=1 +34 
* 175
+4 2
+1 8
+2 3
-2 1
+2 3
cfi=(152)
cfn=(492)
calls=1 +27 
* 198
+4 2
+1 6
+1 2
-1 1
+1 2

fl=(56)
fn=(172)
25 3
+1 12
+1 3

fl=(8)
fn=(14)
25 5
+3 5
-3 5
+3 10
+3 15
+1 10
+2 5
-1 5
+3 15
+1 5
+4 5
-3 5
+7 5
-4 5
-3 5
+2 10
+5 5
-5 5
-2 5
+7 5
-5 5
+10 5

fl=(52) ./setjmp/../sysdeps/x86_64/setjmp.S
fn=(156) __sigsetjmp
30 6
+2 6
+9 6
+1 12
+1 6
+4 6
+1 6
+1 6
+1 6
+1 6
+2 12
+2 6
+1 6
+1 6
+2 12
+2 6
+8 6
+3 6
+1 6
+7 6
+1 6

fl=(16) ./elf/../sysdeps/x86/cpu-features.c
fn=(40) update_active.constprop.0
43 7
+45 1
-41 1
+28 1
-18 1
+31 1
+4 1
-36 1
-1 1
+37 1
-26 1
-11 1
+1 1
+36 2
+1 1
-17 1
-21 1
+25 1
-4 1
-11 1
+28 1
-1 1
-36 1
+18 1
+19 1
-13 1
-4 1
-11 1
+19 1
+11 1
-3 1
-12 1
+14 1
-29 1
+18 1
+9 1
-18 1
+13 1
-13 1
-9 1
+29 2
+3 1
-14 1
-9 1
+9 1
+4 1
+10 1
-17 1
+7 1
+5 1
+5 1
+1 1
-1 1
+1 2
+2 2
+1 4
+3 1
+1 1
-1 1
+1 1
-1 1
+1 1
-1 1
+1 1
+4 2
+4 2
+2 4
+83 3
+12 2
+1 1
+3 3
+4 1
-4 1
+4 1
+67 3
+4 3
fi=(18) ./elf/../sysdeps/x86/get-isa-level.h
31 1
-3 1
+3 1
-1 2
fe=(16)
296 1
+1 8
-75 3
+1 2
+3 1
-1 1
+9 1
-5 1
+2 1
-2 1
+5 1
fi=(18)
32 3
+4 3
fe=(16)
+83 2
+2 1
+3 2
+10 1
+10 1
-10 1
+10 1
-10 1
+6 1
+4 1
-4 1
-6 1
+6 1
+2 1
-2 1
+2 3
+7 4
fi=(18)
39 3
+1 4
+5 1
-7 1
+7 3
+2 1
+1 2
+1 3
+2 4
+1 2
+1 2
+6 1
-4 1
+4 1
-3 2
fe=(16)
+75 1
-5 2
+4 1

fn=(34) init_cpu_features.constprop.0
399 1
+16 1
-16 6
+3 1
+1 1
+1 1
+11 2
+3 6
593 1
+94 5
+1 1
+3 2
+1 1
+6 1
+3 1
fi=(19) ./elf/../sysdeps/x86/dl-cacheinfo.h
+5 1
+2 1
fe=(16)
-9 1
fi=(19)
+23 2
840 1
+46 1
-46 17
+45 2
+25 2
+21 2
-21 2
+13 3
+8 1
-8 1
+8 1
cfi=(10) ./elf/./elf/dl-tunables.c
cfn=(24) __tunable_get_val
calls=1 405 
* 21
* 1
+2 2
+3 4
cfi=(10)
cfn=(24)
calls=1 405 
* 21
* 1
+2 1
+3 2
-3 2
+3 1
-3 1
+3 1
cfi=(10)
cfn=(24)
calls=1 405 
* 21
* 1
+1 5
+16 2
-12 5
cfi=(10)
cfn=(24)
calls=1 405 
* 21
* 1
+1 3
+23 1
-17 5
+3 3
-3 1
cfi=(10)
cfn=(24)
calls=1 405 
* 21
+3 3
-3 2
+3 9
cfi=(10)
cfn=(54) __GI___tunable_set_val
calls=1 157 
* 58
+1 9
cfi=(10)
cfn=(54)
calls=1 157 
* 58
+1 10
cfi=(10)
cfn=(54)
calls=1 157 
* 58
+3 8
cfi=(10)
cfn=(54)
calls=1 157 
* 58
+2 8
cfi=(10)
cfn=(54)
calls=1 157 
* 58
+4 1
fe=(16)
706 1
fi=(19)
967 2
fe=(16)
706 2
fi=(19)
967 4
fe=(16)
706 1
cfi=(10)
cfn=(24)
calls=1 405 
* 19
+4 3
+14 1
-1 2
+1 3
+47 1
-1 1
+1 1
+46 4
cfi=(10)
cfn=(24)
calls=1 405 
* 19
+2 4
cfi=(10)
cfn=(24)
calls=1 405 
* 19
fi=(21) ./elf/../sysdeps/unix/sysv/linux/x86/cpu-features.c
27 6
fe=(16)
829 2
+45 8
fi=(19)
+19 11
fe=(16)
775 3
+27 2
-10 2
+1 2
+2 3
+1 2
+2 3
+1 2
fi=(19)
-75 3
cfn=(46) handle_intel.constprop.0
calls=1 255 
* 437
+1 1
-1 2
+1 1
cfn=(46)
calls=1 255 
* 478
+1 1
-1 1
+1 1
cfn=(46)
calls=1 255 
* 503
+3 1
-3 2
+3 1
cfn=(46)
calls=1 255 
* 459
+2 1
-2 1
+2 1
cfn=(46)
calls=1 255 
* 451
+3 1
-2 1
-1 1
+3 1
cfn=(46)
calls=1 255 
* 428
+2 1
-2 1
+2 1
cfn=(46)
calls=1 255 
* 429
+3 1
-2 1
-1 1
+3 1
cfn=(46)
calls=1 255 
* 469
+2 1
-2 1
+2 1
cfn=(46)
calls=1 255 
* 470
+3 1
-3 1
+3 1
cfn=(46)
calls=1 255 
* 494
+2 1
-2 1
+2 1
cfn=(46)
calls=1 255 
* 495
+2 1
-2 1
+2 1
cfn=(46)
calls=1 255 
* 790
+2 3
-2 1
+2 1
cfn=(52) get_common_cache_info.constprop.0
calls=1 481 
* 215
863 15
fe=(16)
424 6
cfn=(36) get_common_indices.constprop.0
calls=1 -99 
* 71
303 3
+1 2
+1 6
+5 2
+1 6
+5 2
+1 6
429 1
cfn=(40)
calls=1 43 
* 194
+2 1
+2 1
+83 1
-85 2
564 2
+7 2
+2 1
+4 2
+6 2
422 2
-3 1
+14 3
+1 4
+69 1
+10 11
+42 1
+1 1
434 11
+55 3

fn=(36)
325 1
+4 4
+3 3
+5 2
-5 1
+5 1
-5 1
+4 1
+1 1
+1 4
+1 4
+1 3
+1 2
+7 2
+2 5
+5 1
-5 1
+5 1
-5 1
+5 1
-5 2
+5 1
+7 1
-7 4
+7 1
+1 3
+6 1
-6 4
+6 1
fi=(17) ./elf/../sysdeps/unix/sysv/linux/x86/dl-minsigstacksize.h
24 2
+3 2
+1 2
+37 3
+7 1
+2 1
fe=(16)
384 2

fl=(14) ./elf/../sysdeps/unix/sysv/linux/brk.c
fn=(28) brk
35 1
+1 3
+1 2
+6 1
+1 1

fl=(67)
fn=(218) _dl_cache_libcmp
370 13
+1 13
+32 13
-33 26
+1 34
+2 75
+2 75
-2 150
+20 142
+2 142
-12 62
+2 62
+14 62
+1 62
-29 124
+32 12
-28 8
+8 4
-2 8
+1 8
-1 4
+2 12
+2 4
-3 4
+3 12
+2 8
+9 27

fn=(210)
416 20
+2 4
+3 6
+69 3
+5 1
208 1
495 3
208 1
495 2
+3 6
fi=(69) ./elf/../sysdeps/x86/dl-procinfo.h
39 4
+3 6
cfi=(32)
cfn=(90)
calls=2 +66 
* 50
* 8
fe=(67)
212 12
cfi=(10)
cfn=(24)
calls=2 405 
* 42
* 2
+16 4
-16 2
+6 4
+10 2
-7 10
+9 6
+1 2
-37 4
+37 2
+4 4
-5 21
+1 7
-37 14
+37 7
+4 14
+4 27
cfn=(218)
calls=9 370 
* 726
+1 18
359 7
+3 6
228 6
360 4
228 14
+2 10
+20 8
+3 8
+2 16
cfn=(218)
calls=4 370 
* 440
* 8
+2 2
-9 8
-30 4
+1 2
+95 2
-95 2
-1 16
+96 6
-47 4
+10 4
+1 6
fi=(68) ./elf/../sysdeps/generic/dl-cache.h
125 10
fe=(67)
294 4
+9 4
+3 4
+2 6
+1 4
+5 4
+1 8
+7 4
+21 8
513 4
+12 4
cfi=(22)
cfn=(60)
calls=2 41 
* 70
* 24
+1 2
-1 2
+1 2
-1 2
+1 2
cfi=(29)
cfn=(80)
calls=2 212 
* 22
* 2
+1 2
cfi=(54)
cfn=(166)
calls=2 40 
* 178
+1 16
-3 4
424 4
cfi=(53)
cfn=(212) _dl_sysdep_read_whole_file
calls=1 36 
* 91
* 1
+8 5
+1 8
+3 4
+1 1
-1 3
fi=(68)
194 1
+1 5
fe=(67)
444 1
+1 2

fn=(526)
537 1
+1 4
-1 1
+3 2
cfi=(71)
cfn=(528)
calls=1 117 
* 6
+1 1
+4 1
+2 2

fl=(59) ./io/../sysdeps/unix/sysv/linux/fstatat64.c
fn=(186) fstatat
153 8
-55 8
+70 12
+1 4

fl=(152)
fn=(492)
74 30
+2 3
-2 3
+4 3
-4 3
+2 3
+2 9
+37 3
-37 9
+1 6
+2 12
+3 25
-52 3
+54 6
-54 3
+54 3
-54 9
+1 9
+2 6
+1 6
+12 12
+3 3
+2 3
-2 3
+2 9
cfi=(32)
cfn=(90)
calls=3 +55 
* 207
* 6
+4 6
+1 3
-1 3
+1 18
+1 9
cfi=(32)
cfn=(90)
calls=3 +49 
* 75
* 6
+57 27
-23 6

fl=(41) ./elf/./elf/dl-hwcaps_split.c
fn=(122) _dl_hwcaps_split
25 4
+1 3
+21 1
-20 1
+20 3

fn=(120) _dl_hwcaps_contains
66 6
+1 12
+1 6
+9 6

fn=(116) _dl_hwcaps_split_masked
51 55
-25 42
+4 24
+4 48
+1 12
-1 24
+2 24
+5 27
cfi=(42)
cfn=(118)
calls=9 -18 
* 216
+1 18
+3 6
+11 12
+1 12
+1 6
-1 6
+1 6
-2 6
+1 6
+1 3
-1 3
+1 27
cfn=(120)
calls=6 +8 
* 30
* 12
-3 5
+7 44
-19 6
cfi=(22)
cfn=(60)
calls=3 -2 
* 51
* 3

fl=(46)
fn=(252)
221 8
+6 3
+3 2
+36 3
+2 1
-2 1
-2 1
-40 1
-1 1
-1 1
+46 2
+23 3
+3 1
-3 4
+2 2
-2 1
-25 1
+20 1
-20 5
+2 2
+3 1
-1 1
+5 2
-5 1
+1 1
-1 1
+3 2
+2 3
+32 3
-1 1
+1 4
+2 2
-2 2
+53 8

fn=(250)
97 2
+4 1
-4 2
+4 1
-4 2
+4 3
cfi=(10)
cfn=(24)
calls=1 405 
* 21
* 1
+1 4
cfi=(10)
cfn=(24)
calls=1 405 
* 21
* 1
+8 1
-8 1
+6 2
+2 3
+3 1
+2 1
-32 3
+34 3
+1 5

fn=(402)
1015 8
+6 1
+3 1
+1 1
+4 3
+34 2
+3 3
+1 3
+3 6

fn=(136)
197 1
+2 2
+1 1
+15 2

fn=(228)
131 2
+3 1
+13 1
-13 1
+52 1
+2 1
+3 1
+1 2

fn=(254)
422 2
+13 1
-13 2
+2 1
+12 1
fi=(28)
56 1
cfi=(27)
cfn=(76)
calls=1 -21 
* 53
fe=(46)
437 3
+8 2
fi=(28)
44 1
fe=(46)
445 2
+1 1
+4 321
+19 1
-99 1
+4 1
+1 1
fi=(28)
44 1
cfi=(27)
cfn=(72)
calls=1 +34 
* 36
fe=(46)
376 2
+3 1
+6 2
+90 5

fn=(472)
528 10
+1 2
+4 1
+6 1
-6 1
+6 1
cfi=(24)
cfn=(84) rtld_mutex_dummy
calls=1 42 
* 3
+3 3
+12 1
-18 1
-1 1
+43 3
-19 13
+9 3
+1 2
+6 3
+1 1
+2 2
-2 1
+6 1
-4 2
+4 1
-4 2
+3 2
+4 2
+1 4
+2 2
+1 2
+17 1
-8 1
+8 1
+2 3
cfi=(29)
cfn=(128) mempcpy
calls=1 199 
* 13
* 5
cfi=(44)
cfn=(132)
calls=1 125 
* 25
-49 1
+55 1
-55 4
+6 4
+55 2
cfi=(24)
cfn=(84)
calls=1 42 
* 3
+3 2
+3 9

fl=(49)
fn=(146)
25 1
+2 1
+7 1
+1 1
+2 1
+1 1
+1 1
+1 1
+1 33
+3 3
+7 1
+1 1
+1 1
+1 1
+2 1
+1 1
+1 1
+1 1
+2 1
+1 1
+1 1
+9 3
+12 1
+2 1
+1 1
+1 1
-4 14
+2 14
+1 14
+1 14
+2 15
+1 15
+1 15
+2 14
+1 14
+1 14
+2 14
+1 14
+1 14
+4 1
+2 1
+7 1
+4 1

fl=(45)
fn=(180)
38 4
+3 4
-1 8
+4 8
+4 4

fn=(140)
116 2
+1 2

fn=(134)
56 1
+3 2
+4 1
-6 1
+4 1
+2 2
+22 2
+5 2
+1 1
+1 1
-1 1
-1 1
+5 2
+4 2
+8 2
-43 2
+32 6

fl=(9)
fn=(16)
85 4
+25 1
-25 6
+25 1
-1 1
+1 177
+11 1
-8 1
+1 1
-4 1
+3 1
+6 1
+2 13
-34 1
-1 1
+36 119
+3 1
+1 1
-5 94
+57 1
-57 1
+58 1
-1 1
-57 3
+29 1
-29 1
+30 1
-1 1
-29 3
+41 1
-41 1
+42 1
-1 1
-41 3
+35 1
-35 1
+36 1
-1 1
-35 3
+32 1
-32 1
+33 1
-1 1
-32 3
+13 1
-13 1
+14 1
-1 1
-13 3
+10 1
-10 1
+11 1
-1 1
-10 3
+7 1
-7 4
224 1
cfi=(10)
cfn=(18) __GI___tunables_init
calls=1 +58 
* 28753
+3 1
cfi=(12) ./elf/./elf/dl-sort-maps.c
cfn=(22) _dl_sort_maps_init
calls=1 +54 
* 32
fi=(13)
36 2
cfi=(14)
cfn=(28)
calls=1 -1 
* 8
fi=(6)
215 1
cfi=(15) ./elf/../sysdeps/x86/dl-get-cpu-features.c
cfn=(32) _dl_x86_init_cpu_features
calls=1 37 
* 7224
fe=(9)
+23 3
+1 1
cfi=(22)
cfn=(60)
calls=1 41 
* 17
* 1
+2 2
cfi=(23) ./elf/../misc/sbrk.c
cfn=(62) sbrk
calls=1 37 
* 15
* 3
+12 3
+3 5
cfi=(2)
cfn=(64)
calls=1 1320 
* 140471
+2 9

fn=(522)
262 1
+1 1

fl=(244) ./elf/./elf/dl-fini.c
fn=(910) _dl_fini
31 9
+20 3
-3 7
+3 4
+3 2
cob=(3)
cfi=(245) ./nptl/./nptl/pthread_mutex_lock.c
cfn=(912) pthread_mutex_lock@@GLIBC_2.2.5
calls=1 +23 
* 43
+2 1
+3 2
+2 6
+7 2
-2 1
+2 1
cfi=(48)
cfn=(524)
calls=1 -28 
* 21
+5 14
+5 1
-5 1
+5 3
+2 10
+2 10
+2 10
+1 5
+1 5
+4 5
-12 15
+14 6
+1 4
+6 5
cfi=(12)
cfn=(236) _dl_sort_maps
calls=1 290 
* 379
+9 2
cob=(3)
cfi=(246) ./nptl/./nptl/pthread_mutex_unlock.c
cfn=(914) pthread_mutex_unlock@@GLIBC_2.2.5
calls=1 367 
* 34
+5 6
+2 1
+2 3
-2 4
+2 12
+3 10
+3 15
+4 6
+11 12
+1 3
+1 6
+1 15
+1 6
cob=(4)
cfi=(168)
cfn=(960) 0x000000000000e420
calls=1 0 
* 92
cob=(5)
cfi=(163)
cfn=(942)
calls=1 0 
* 92
cob=(6) /home/shihcw/work_space/MSS/HW2/graph500-2.1.4/seq-csr/seq-csr
cfi=(169) ???
cfn=(916) 0x0000000000001400
calls=1 0 
* 92
-1 15
+5 9
+1 9
cob=(2)
cfi=(50)
cfn=(976) 0x00000000048e18c8
calls=1 0 
* 4
cob=(2)
cfi=(50)
cfn=(958) 0x000000000483f288
calls=1 0 
* 4
cob=(2)
cfi=(50)
cfn=(938) 0x000000000010ebcc
calls=1 0 
* 4
+6 10
cfi=(48)
cfn=(940) _dl_audit_objclose
calls=5 -57 
* 25
+5 5
-45 15
+49 3
cfi=(48)
cfn=(524)
calls=1 40 
* 21
* 2
-38 6
+44 6
+6 2
+7 8
73 2

fl=(147)
fn=(474)
561 4
+3 1
+2 2
+13 1
cfn=(478) _dlfo_process_initial
calls=1 474 
* 95
+1 1
-1 1
+1 1
fi=(28)
56 1
cfi=(27)
cfn=(76)
calls=1 -21 
* 25
fe=(147)
580 1
fi=(28)
56 1
fe=(147)
582 2
+3 2
+5 1
+1 1
cfn=(478)
calls=1 474 
* 358
+3 3
+10 4
-37 2
cfi=(148) ./elf/./dl-find_object.h
cfn=(476) _dl_find_object_from_map
calls=1 95 
* 68
* 1
+29 2
cfn=(480) _dlfo_sort_mappings
calls=1 -60 
* 128
+3 6
+2 1

fn=(478)
474 2
+3 2
-3 2
+1 2
+3 4
+26 14
+1 6
+1 10
-1 20
+3 36
+3 32
-7 10
+25 2
+2 8
-18 24
+3 8
-1 8
cfi=(148)
cfn=(476)
calls=4 95 
* 247
+2 16

fn=(480)
536 1
+1 2
+3 4
+4 1
+1 1
-1 1
+1 2
-1 2
+1 2
-1 2
+1 10
+1 36
-1 18
+8 9
+1 6
-1 3
-13 6
+14 9
+1 6
-15 6
+17 1

fl=(12)
fn=(22)
281 2
+1 4
cfi=(10)
cfn=(24)
calls=1 405 
* 20
+2 3
-1 1
+2 2

fn=(238) dfs_traversal.part.0
140 80
+10 10
-2 10
+2 20
+2 28
+3 34
-3 68
+9 20
+15 30
+1 10
+1 60
-17 15

fn=(236)
290 20
+8 2
-8 2
+8 4
+4 16
-79 4
-37 2
+37 2
-36 8
+1 2
-1 2
+1 2
-1 4
+1 8
-1 8
+1 8
-1 16
+36 30
+8 6
-3 2
+2 2
+1 2
-8 2
+5 2
+3 8
+2 24
+2 10
-90 50
cfn=(238)
calls=10 -5 
* 385
+93 20
+18 4
+13 2
+33 2
-26 8
cfi=(29)
cfn=(80)
calls=2 -64 
* 38
* 2

fl=(22)
fn=(60)
41 18
+44 18
+1 18
+1 18
+1 18
+1 18
+1 18
+1 18
+2 18
+2 18
+31 18
+1 18
+1 18
+1 18
+1 18
+1 9
+2 9
+4 9
+1 9
+1 9
+1 9
+1 9
+1 9
+1 9
+1 9
+1 9
+1 9
+1 9
+1 9
+5 72

fl=(66)
fn=(208) openaux
61 15
+7 5
-4 10
+1 5
-1 40
cfi=(31)
cfn=(160)
calls=5 2022 
* 9924
* 5
+5 10

fn=(204)
159 5
+1 3
-1 1
+1 1
-1 2
+1 1
-1 3
+1 1
-1 4
+1 12
-8 1
-7 1
+15 1
-14 1
+6 1
+8 1
-15 1
+7 1
-8 1
+1 1
+7 1
-7 1
+31 3
-28 3
-2 1
+31 1
-33 2
+2 2
+30 2
-30 1
-1 4
+7 4
+24 2
-32 1
+60 1
-60 2
+36 1
fi=(73) ./elf/../include/scratch_buffer.h
77 3
fe=(66)
198 1
fi=(73)
78 1
fe=(66)
200 2
+98 1
198 1
+4 1
+7 1
+4 4
-4 4
+4 16
+11 14
-18 2
+18 4
433 15
+2 3
+3 3
-3 6
+3 3
fi=(28)
56 3
cfi=(27)
cfn=(76)
calls=3 -21 
* 75
* 3
fe=(66)
439 6
+6 3
+1 15
cfi=(29)
cfn=(80)
calls=3 212 
* 33
+1 15
cfi=(29)
cfn=(80)
calls=3 212 
* 33
+4 3
-1 3
+5 20
204 12
458 12
-1 5
+1 10
199 3
+27 15
+5 3
+6 3
-5 3
-1 3
+2 6
+4 12
-31 3
+31 3
+1 9
+6 12
cfi=(31)
cfn=(206)
calls=3 -6 
* 150
* 8
cfi=(31)
cfn=(206)
calls=2 -6 
* 108
* 15
+4 10
-2 5
+2 10
cob=(2)
cfi=(50)
cfn=(152) 0x0000000004002050
calls=5 0 
* 10319
+1 10
+9 5
+2 10
+5 15
+6 3
+2 3
-8 6
+3 3
+1 3
+1 3
+1 3
+4 15
+4 15
+1 9
-43 320
+1 154
+44 225
-38 10
fi=(73)
85 3
fe=(66)
464 6
+1 1
+3 4
+11 3
fi=(28)
56 1
cfi=(27)
cfn=(76)
calls=1 -21 
* 25
* 1
fe=(66)
481 2
+5 3
+1 1
-1 2
+4 2
-2 1
+2 1
-2 2
+13 4
+5 4
-16 12
-2 4
+6 4
+7 4
-2 8
-5 1
+7 1
-2 2
+2 2
+5 1
-16 6
+19 2
+52 3
+37 3
+15 1
-11 1
+11 1
-14 2
+20 1
-1 3
+1 3
-1 5
cfi=(12)
cfn=(236)
calls=1 290 
* 330
+5 1
+3 1
-1 1
+2 2
+7 3
+3 3
+3 8
214 32
+3 3
fi=(73)
-86 9
cfi=(72) ./malloc/./malloc/scratch_buffer_set_array_size.c
cfn=(230) __libc_scratch_buffer_set_array_size
calls=3 30 
* 60
fe=(66)
+86 6
+4 9
613 2
cfi=(29)
cfn=(80)
calls=1 212 
* 19
* 1
-53 2
160 2
380 8

fl=(23)
fn=(62)
37 5
+3 1
+18 2
+4 2
+16 5

fl=(160) ./elf/./elf/dl-runtime.c
fn=(516) _dl_fixup
46 16
+2 10
+1 2
+6 2
fi=(253) ./elf/../sysdeps/x86_64/dl-runtime.h
-27 2
fe=(160)
+21 2
+5 2
+1 2
-6 2
+6 4
+1 2
+2 2
-2 2
+2 2
-2 10
+7 4
+4 4
+4 6
+4 6
+1 8
-7 8
+16 2
-1 2
+1 4
+10 20
cfi=(78)
cfn=(270)
calls=2 840 
* 1451
* 2
+4 10
+10 20
+15 8
+9 6
+26 6
fi=(6)
+70 2
fe=(160)
-66 12

fl=(10)
fn=(54)
157 15
-55 5
+55 5
-55 5
+55 5
-55 35
+9 5
+1 5
fi=(254) ./elf/./dl-tunable-types.h
-22 10
fe=(10)
+22 20
+1 40
fi=(11) ./elf/./elf/dl-tunables.h
+8 10
+1 5
fe=(10)
-6 15
fi=(11)
+15 5
fe=(10)
-12 10
+4 10
+7 10
+1 10
+3 30
+1 5
+1 5
+1 5
+24 5
fi=(11)
-30 15
fe=(10)

fn=(18)
282 9
-9 7
71 173
+6 56
-3 56
+3 5292
-3 56
-3 112
357 8
81 112
+5 168
fi=(11)
+54 56
fe=(10)
-54 56
fi=(11)
+54 56
+1 132
-1 70
+1 20
-1 56
+1 112
fe=(10)
323 224
-18 7840
+6 12320
fi=(11)
140 504
+1 1008
-1 25
+1 100
-1 125
fe=(10)

fn=(24)
405 34
+3 238
+9 34
-9 130
+9 10
+17 170
+2 34
-9 24
+1 24

fl=(72)
fn=(230)
30 30
+4 3
+1 6
+11 3
-1 6
+18 12

fl=(15)
fn=(494) __x86_cpu_features
71 1
-32 3
+32 2

fn=(32)
37 1
+2 3
+2 1
cfi=(16)
cfn=(34)
calls=1 399 
* 7219

fl=(51)
fn=(150) _dl_catch_error
225 10
+2 2
cob=(2)
cfi=(50)
cfn=(152)
calls=1 0 
* 2788
+1 2
+1 1
+1 1
-1 1
+1 1
+2 5

fn=(240)
238 6
+1 1
+1 1
+3 1
+1 1
+2 1
cfi=(2)
cfn=(242)
calls=1 696 
* 7270
+2 1
+1 1
+1 4

fn=(154) _dl_catch_exception
175 18
+5 6
-5 18
+5 6
-2 12
+22 6
-1 6
+7 12
-6 6
+3 12
+3 6
cfi=(52)
cfn=(156)
calls=6 30 
* 144
* 24
+2 18
cfi=(66)
cfn=(208)
calls=5 61 
* 10014
cfi=(2)
cfn=(158)
calls=1 663 
* 2727
+2 6
-1 6
+1 6
-1 6
+1 12
+9 24

fl=(148)
fn=(476)
95 10
+1 10
+1 5
+6 25
+1 145
+1 100
+2 15
+5 5

fl=(24)
fn=(66)
53 3
+3 8
+5 1
-5 1
+5 1
+1 1
-6 1
+8 1

fn=(84)
42 10
+2 20

fn=(256)
68 2
fi=(255) ./elf/../include/list.h
-24 1
fe=(24)
+24 1
fi=(255)
-25 1
fe=(24)
+26 1
+3 1
fi=(255)
-29 1
+1 1
+1 1
+2 1
fe=(24)
+28 4
+1 2
+1 1
+5 2
+5 1
+6 1
-3 1
+3 1
-6 3
+6 1
+13 3
fi=(75) ./elf/../sysdeps/unix/sysv/linux/rseq-internal.h
-72 1
fe=(24)
+72 1
cfi=(10)
cfn=(24)
calls=1 405 
* 20
fi=(75)
-74 3
+2 6
+3 2
+3 1
fe=(24)
+83 3
+7 2
+2 1
+1 1
+1 3

fl=(38)
fn=(108)
175 5
+1 1
-1 6
+1 1
-1 1
+1 1
-1 1
+1 1
-1 1
+1 2
cfi=(10)
cfn=(24)
calls=1 405 
* 21
* 1
+2 2
+1 3
+26 2
-26 1
+25 1
cfi=(39) ./elf/../sysdeps/x86_64/dl-hwcaps-subdirs.c
cfn=(110) _dl_hwcaps_subdirs_active
calls=1 29 
* 47
fi=(40) ./elf/./dl-hwcaps.h
54 1
fe=(38)
205 1
-1 1
fi=(40)
56 1
+32 1
+1 1
+1 1
fe=(38)
-35 2
cfi=(41)
cfn=(116)
calls=1 -4 
* 13
* 2
fi=(40)
-1 1
+2 2
-2 1
+34 2
+1 2
+1 1
fe=(38)
-32 2
-1 2
+1 2
+1 2
-1 2
-3 4
cfi=(41)
cfn=(116)
calls=2 -4 
* 114
* 2
cfi=(41)
cfn=(116)
calls=1 -4 
* 122
* 6
+48 5
fi=(28)
-47 1
cfi=(27)
cfn=(76)
calls=1 -21 
* 25
fe=(38)
+47 1
+2 2
+3 2
fi=(40)
-52 1
fe=(38)
+55 1
-3 1
fi=(40)
-54 2
+3 1
fe=(38)
+58 2
cfi=(41)
cfn=(122)
calls=1 -90 
* 12
* 2
fi=(40)
-61 1
+2 2
-2 1
+34 2
+1 2
+1 1
fe=(38)
+40 4
+1 2
-1 6
+2 2
+1 2
-2 6
-3 4
cfi=(41)
cfn=(116)
calls=2 -77 
* 114
* 2
cfi=(41)
cfn=(116)
calls=1 -77 
* 122
* 6
+8 2
+9 1
-15 1
+15 2
-15 1
+15 8
+9 2
+4 7
cfi=(43) ./string/../sysdeps/x86_64/memcmp.S
cfn=(124) bcmp
calls=1 22 
* 41
+1 2
+1 1
+4 1
+1 2
+1 1
-20 2
+19 1
+1 1
-20 2
-1 4
+70 1
+1 1
+4 1
-5 2
+1 4
+4 2
-4 1
+4 4
+1 1
-1 1
+1 2
+1 2
-2 5
+1 1
-1 1
+1 2
+1 2
-2 5
+5 1
+3 2
-3 2
+3 15
+7 1
-7 2
+2 3
+1 4
+2 1
fi=(256) ./elf/../sysdeps/x86/dl-hwcap.h
57 1
fe=(38)
233 2
fi=(256)
57 1
fe=(38)
233 2
fi=(256)
57 1
fe=(38)
233 1
+1 1
cfi=(22)
cfn=(60)
calls=1 41 
* 17
+1 1
+1 1
-6 1
+4 1
+1 1
-5 1
+5 1
+1 1
-1 2
-5 4
+10 3
-2 3
+2 1
+1 1
+1 1
-1 1
+4 4
+1 1
-1 1
+4 2
+4 1
-1 1
+1 4
-1 2
+4 3
+1 3
+19 10
+6 2
fi=(28)
56 1
cfi=(27)
cfn=(76)
calls=1 -21 
* 25
* 1
fe=(38)
283 2
+8 1
fi=(40)
54 1
+2 1
+34 1
-2 2
fe=(38)
-5 1
291 1
fi=(40)
54 1
+35 1
fe=(38)
291 1
fi=(40)
90 1
fe=(38)
-10 2
cfi=(41)
cfn=(116)
calls=1 -29 
* 13
* 2
fi=(40)
-26 2
+2 1
fe=(38)
+27 1
fi=(40)
-29 1
+34 2
+1 2
+1 1
fe=(38)
-8 2
+1 4
+7 2
-7 10
cfi=(29)
cfn=(128)
calls=2 199 
* 26
+4 2
+2 2
+2 2
-2 4
-9 4
cfi=(41)
cfn=(116)
calls=2 -29 
* 114
* 2
cfi=(41)
cfn=(116)
calls=1 -29 
* 122
* 6
304 1
+2 1
-2 1
-48 2
+72 1
-72 1
376 2
+13 2
-58 1
+45 1
+13 1
-58 1
-75 1
+82 1
+10 2
-92 1
+88 1
+4 3
-4 1
+3 7
-3 2
-3 1
+3 1
cfi=(29)
cfn=(128)
calls=1 199 
* 18
* 2
-3 1
+3 1
cfi=(29)
cfn=(128)
calls=1 199 
* 18
* 2
+3 2
-3 4
+3 5
+1 12
+1 2
-2 1
+2 1
cfi=(29)
cfn=(128)
calls=1 199 
* 15
* 2
-2 2
+5 8
cfi=(29)
cfn=(128)
calls=2 199 
* 30
* 4
+2 5
+5 6
+1 1
-1 3
+1 7
-1 25
+5 11
+4 1
-1 1
+1 2
-4 12
+4 2
-1 2
+1 13
-1 9
+1 18
+1 24
-1 12
-1 12
+2 24
-1 24
-1 24
+4 9
+3 1
+2 2
-1 1
-1 1
+2 1
-2 1
+2 2
-1 1
+1 2
+2 6
+1 2
+3 2
-6 2
+6 3
+7 8
+1 1
-1 2
+3 2
-3 3
+1 3
-1 6
+3 6
+3 4
-80 2
+86 9
-20 1
+1 2
-6 3
259 2
+1 2
+1 4
-1 3
+12 4
-44 2
+34 4
-2 3

fl=(153)
fn=(496)
27 1
+2 2
-2 1
+6 3
-6 1
+6 3
-6 1
+6 1
cfi=(152)
cfn=(492)
calls=1 +41 
* 177
+4 2
+2 4
+2 1
-1 1
+1 2
-1 1
cob=(3)
cfi=(154) ./elf/./elf/libc_early_init.c
cfn=(498) __libc_early_init
calls=1 -7 
* 1152

fl=(65)
fn=(202)
25 1
+2 7
+4 1

fl=(58)
fn=(184)
29 8
+1 8
+5 12
cfi=(59)
cfn=(186)
calls=4 153 
* 32

fl=(77)
fn=(262)
194 10
+14 5
-14 45
+16 5
-16 10
+14 5
+2 10
+3 5
-1 5
+1 10
+19 10
+6 25
-34 8
+38 8
+7 16
fi=(6)
71 14
+6 8
+4 6
+14 2
-8 2
+8 4
+20 4
+4 10
-2 4
fe=(77)
288 205
-83 2
fi=(6)
474 8
fe=(77)
205 4
+83 4
fi=(5)
49 2
fe=(77)
288 2
fi=(5)
60 2
-11 4
+11 4
fe=(77)
288 3
-83 3
fi=(6)
474 12
fe=(77)
205 6
+83 6
fi=(5)
49 3
fe=(77)
288 3
fi=(5)
60 3
-11 6
+11 6
fe=(77)
288 10
fi=(5)
49 5
fe=(77)
288 5
fi=(5)
60 5
-11 10
+11 10
-7 2
-1 2
+11 16
fi=(6)
545 48
+4 48
+3 72
+1 24
fi=(5)
63 72
+2 324
+2 171
-4 171
+13 12
+1 16
+1 114
fi=(6)
545 57
+34 114
+2 57
cob=(4)
cfi=(133) ./math/../sysdeps/x86_64/fpu/multiarch/s_sin.c
cfn=(466) sin
calls=1 27 
* 9
cob=(4)
cfi=(145) ./math/../sysdeps/x86_64/fpu/multiarch/e_atan2.c
cfn=(462) __atan2_finite@GLIBC_2.15
calls=1 26 
* 9
cob=(4)
cfi=(144) ./math/../sysdeps/x86_64/fpu/multiarch/e_exp2f.c
cfn=(458) exp2f@@GLIBC_2.27
calls=1 27 
* 9
cob=(4)
cfi=(141) ./math/../sysdeps/x86_64/fpu/multiarch/e_asin.c
cfn=(454) __asin_finite@GLIBC_2.15
calls=1 27 
* 8
cob=(4)
cfi=(143) ./math/../sysdeps/x86_64/fpu/multiarch/s_fma.c
cfn=(452) fma
calls=1 49 
* 6
cob=(4)
cfi=(142) ./math/../sysdeps/x86_64/fpu/multiarch/s_sinf.c
cfn=(448) sinf
calls=1 26 
* 9
cob=(4)
cfi=(141)
cfn=(444) __acos_finite@GLIBC_2.15
calls=1 35 
* 8
cob=(4)
cfi=(140) ./math/../sysdeps/x86_64/fpu/multiarch/e_log.c
cfn=(440) __log_finite@GLIBC_2.15
calls=1 27 
* 9
cob=(4)
cfi=(139) ./math/../sysdeps/x86_64/fpu/multiarch/e_log2f.c
cfn=(436) log2f@@GLIBC_2.27
calls=1 27 
* 9
cob=(4)
cfi=(137) ./math/../sysdeps/x86_64/fpu/multiarch/e_pow.c
cfn=(432) __pow_finite@GLIBC_2.15
calls=1 27 
* 8
cob=(4)
cfi=(136) ./math/../sysdeps/x86_64/fpu/multiarch/e_powf.c
cfn=(428) powf@@GLIBC_2.27
calls=1 30 
* 9
cob=(4)
cfi=(135) ./math/../sysdeps/x86_64/fpu/multiarch/s_sincosf.c
cfn=(424) sincosf
calls=1 26 
* 9
cob=(4)
cfi=(134) ./math/../sysdeps/x86_64/fpu/multiarch/e_logf.c
cfn=(420) logf@@GLIBC_2.27
calls=1 27 
* 9
cob=(4)
cfi=(133)
cfn=(416) cos
calls=1 34 
* 9
cob=(4)
cfi=(132) ./math/../sysdeps/x86_64/fpu/multiarch/e_expf.c
cfn=(412) expf@@GLIBC_2.27
calls=1 27 
* 9
cob=(4)
cfi=(130) ./math/../sysdeps/x86_64/fpu/multiarch/e_exp.c
cfn=(408) __exp_finite@GLIBC_2.15
calls=1 27 
* 9
cob=(4)
cfi=(128) ./math/../sysdeps/x86_64/fpu/multiarch/s_cosf.c
cfn=(404) cosf
calls=1 26 
* 9
cob=(3)
cfi=(127) ./string/../sysdeps/x86_64/multiarch/rawmemchr.c
cfn=(398) rawmemchr
calls=1 31 
* 23
cob=(3)
cfi=(126) ./string/../sysdeps/x86_64/multiarch/strncase.c
cfn=(396) strncasecmp
calls=1 31 
* 7
cob=(3)
cfi=(125) ./string/../sysdeps/x86_64/multiarch/mempcpy.c
cfn=(392) mempcpy
calls=1 33 
* 22
cob=(3)
cfi=(124) ./string/../sysdeps/x86_64/multiarch/strspn.c
cfn=(390) strspn
calls=1 29 
* 7
cob=(3)
cfi=(122) ./string/../sysdeps/x86_64/multiarch/memchr.c
cfn=(386) memchr
calls=1 29 
* 23
cob=(3)
cfi=(121) ./string/../sysdeps/x86_64/multiarch/stpcpy.c
cfn=(382) stpcpy
calls=1 33 
* 17
cob=(3)
cfi=(119) ./wcsmbs/../sysdeps/x86_64/multiarch/wmemcmp.c
cfn=(378) wmemcmp
calls=1 29 
* 22
cob=(3)
cfi=(118) ./string/../sysdeps/x86_64/multiarch/strncpy.c
cfn=(374) strncpy
calls=1 29 
* 17
cob=(3)
cfi=(117) ./string/../sysdeps/x86_64/multiarch/strlen.c
cfn=(370) strlen
calls=1 29 
* 21
cob=(3)
cfi=(116) ./string/../sysdeps/x86_64/multiarch/strcasecmp_l.c
cfn=(368) strcasecmp_l
calls=1 31 
* 7
cob=(3)
cfi=(115) ./string/../sysdeps/x86_64/multiarch/strcpy.c
cfn=(364) strcpy
calls=1 29 
* 17
cob=(3)
cfi=(114) ./string/../sysdeps/x86_64/multiarch/strchrnul.c
cfn=(360) strchrnul
calls=1 31 
* 21
cob=(3)
cfi=(113) ./string/../sysdeps/x86_64/multiarch/memrchr.c
cfn=(356) memrchr
calls=1 29 
* 21
cob=(3)
cfi=(111) ./wcsmbs/../sysdeps/x86_64/multiarch/wmemset.c
cfn=(352) wmemset
calls=2 31 
* 38
cob=(3)
cfi=(109) ./string/../sysdeps/x86_64/multiarch/memcmp.c
cfn=(348) bcmp
calls=1 29 
* 22
cob=(3)
cfi=(108) ./string/../sysdeps/x86_64/multiarch/strncase_l.c
cfn=(346) strncasecmp_l
calls=1 31 
* 7
cob=(3)
cfi=(107) ./string/../sysdeps/x86_64/multiarch/strcat.c
cfn=(342) strcat
calls=1 29 
* 17
cob=(3)
cfi=(106) ./wcsmbs/../sysdeps/x86_64/multiarch/wcscpy.c
cfn=(340) wcscpy
calls=1 43 
* 7
cob=(3)
cfi=(105) ./string/../sysdeps/x86_64/multiarch/strcspn.c
cfn=(338) strcspn
calls=1 29 
* 7
cob=(3)
cfi=(104) ./string/../sysdeps/x86_64/multiarch/strcasecmp.c
cfn=(336) strcasecmp
calls=1 31 
* 7
cob=(3)
cfi=(103) ./string/../sysdeps/x86_64/multiarch/strncmp.c
cfn=(334) strncmp
calls=1 66 
* 17
cob=(3)
cfi=(101) ./wcsmbs/../sysdeps/x86_64/multiarch/wmemchr.c
cfn=(330) wmemchr
calls=2 31 
* 46
cob=(3)
cfi=(99) ./string/../sysdeps/x86_64/multiarch/stpncpy.c
cfn=(326) stpncpy
calls=1 31 
* 17
cob=(3)
cfi=(98) ./wcsmbs/../sysdeps/x86_64/multiarch/wcscmp.c
cfn=(322) wcscmp
calls=1 30 
* 21
cob=(3)
cfi=(97) ./string/../sysdeps/x86_64/multiarch/memmove.c
cfn=(318) memmove
calls=2 29 
* 44
cob=(3)
cfi=(96) ./string/../sysdeps/x86_64/multiarch/strrchr.c
cfn=(314) rindex
calls=1 28 
* 21
cob=(3)
cfi=(95) ./string/../sysdeps/x86_64/multiarch/strchr.c
cfn=(312) index
calls=1 61 
* 19
cob=(3)
cfi=(93) ./wcsmbs/../sysdeps/x86_64/multiarch/wcschr.c
cfn=(308) wcschr
calls=2 31 
* 42
cob=(3)
cfi=(91) ./string/../sysdeps/x86_64/multiarch/memcpy.c
cfn=(304) memcpy@@GLIBC_2.14
calls=1 29 
* 22
cob=(3)
cfi=(90) ./wcsmbs/../sysdeps/x86_64/multiarch/wcslen.c
cfn=(300) wcslen
calls=1 29 
* 19
cob=(3)
cfi=(88) ./string/../sysdeps/x86_64/multiarch/memset.c
cfn=(296) memset
calls=1 29 
* 24
cob=(3)
cfi=(86) ./wcsmbs/../sysdeps/x86_64/multiarch/wcsnlen.c
cfn=(292) wcsnlen
calls=1 29 
* 19
cob=(3)
cfi=(85) ./string/../sysdeps/x86_64/multiarch/strcmp.c
cfn=(290) strcmp
calls=1 65 
* 17
cob=(3)
cfi=(84) ./string/../sysdeps/x86_64/multiarch/strpbrk.c
cfn=(288) strpbrk
calls=1 29 
* 7
cob=(3)
cfi=(82) ./string/../sysdeps/x86_64/multiarch/strnlen.c
cfn=(284) strnlen
calls=2 31 
* 42
-36 57
+37 57
fi=(5)
77 173
fe=(77)
288 40
+3 30
+24 5
+3 10
+17 15
+2 40
-98 10
+3 2
+7 4
-9 2
fi=(5)
86 16
+2 16
+12 8
-14 32
+14 16
+10 12
+3 16
+1 4
fi=(6)
529 4
fi=(5)
114 4
fi=(6)
529 8
fi=(5)
114 1203
fi=(6)
529 1203
fi=(5)
114 1203
fi=(6)
529 2406
+5 2414
+1 1207
fi=(5)
113 1207
fi=(6)
535 1207
-5 1207
fi=(5)
113 2414
+7 32
+4 24
+2 12
-73 4
fi=(6)
484 4
fi=(5)
52 4
fi=(6)
484 8
fi=(5)
128 8
+1 4
+1 4
-2 4
+2 4
+3 4
-5 4
+2 4
-2 4
+1 8
+2 4
-2 4
+2 12
+2 8
-5 264
+1 132
+1 132
-2 132
+2 132
+3 132
-5 132
+2 132
-2 132
+1 264
+2 132
-2 132
+2 396
+2 264
+9 134
fi=(6)
262 268
+21 268
+4 268
+7 536
fi=(4)
138 354
fi=(6)
294 4581
cfi=(78)
cfn=(270)
calls=115 840 
* 69270
* 1035
+2 354
+30 800
450 342
fi=(5)
145 378
-19 408
+32 20
+1 6
fi=(6)
294 2
+22 2
-22 4
fi=(5)
160 6
+3 2
+4 2
-4 2
+4 4
-2 2
-2 2
+2 2
+1 2
-1 4
fi=(6)
294 8
508 2
-1 4
+1 4
+1 2
cfi=(15)
cfn=(494)
calls=1 71 
* 6
cob=(3)
cfi=(80) ./string/../sysdeps/x86/cacheinfo.c
cfn=(280) __x86_cacheinfo
calls=1 86 
* 28
+1 2
fi=(5)
159 2
fi=(6)
510 2
fi=(5)
159 8
-14 6
+1 87
fi=(6)
490 6
+5 4
-1 6
+1 4
-1 2
cfi=(29)
cfn=(80)
calls=2 212 
* 22
+2 8
+1 2
-75 54
+4 72
+5 18
+9 18
-9 36
+9 18
fi=(5)
145 68
fi=(6)
296 176
+3 128
-3 128
+3 256
+2 10
+3 4
+1 6
+11 4
+7 2
cob=(4)
cfi=(146) ./math/../sysdeps/x86_64/fpu/multiarch/s_floor.c
cfn=(470) floor
calls=1 31 
* 7
cob=(3)
cfi=(91)
cfn=(304)
calls=1 29 
* 22
* 6
+3 4
fi=(5)
135 10
+3 2
fi=(6)
296 112
+3 112
-3 240
+3 4
fi=(5)
50 10
fe=(77)
308 14
fi=(6)
-14 29
fe=(77)
+49 25
+3 5
-3 5
+3 5
+4 10
+1 20
cfi=(71)
cfn=(226)
calls=5 117 
* 30
* 10
-63 6
fi=(5)
53 2
175 7
+2 2
+1 2
-1 1
+3 1
-3 4
+3 2
-3 10
+1 10
-1 5
+3 5
-3 20
+3 10
+8 6
fi=(6)
+74 12
+21 12
+4 12
+7 24
fi=(4)
138 18
fi=(6)
294 204
cfi=(78)
cfn=(270)
calls=6 840 
* 3515
* 54
+2 18
+30 36
450 12
fi=(5)
191 18
-16 18
+30 4
fi=(6)
+91 2
+3 2
-3 2
+3 4
-3 2
+3 2
-3 4
fe=(77)

fl=(159) ./elf/../sysdeps/x86_64/dl-trampoline.h
fn=(514) _dl_runtime_resolve_xsave
67 2
+5 2
+3 2
+2 2
+10 2
+6 2
+1 2
+1 2
+1 2
+1 2
+1 2
+1 2
+4 2
+1 2
+3 2
+1 2
+2 2
+1 2
+1 2
+1 2
+1 2
+1 2
+2 2
+7 2
+1 2
+1 2
cfi=(160)
cfn=(516)
calls=2 -80 
* 1643
+1 2
+5 2
+1 2
+1 2
+2 2
+1 2
+1 2
+1 2
+1 2
+1 2
+1 2
+2 2
+2 2
+4 2
+2 2

fl=(43)
fn=(124)
22 1
+5 1
+1 1
+1 1
+1 1
+1 1
+1 1
+1 1
+1 1
+3 1
+1 1
+1 1
+1 1
+1 1
+1 1
+1 1
+1 1
+1 1
+2 1
+1 1
+17 1
+1 1
+17 1
+1 1
+1 1
+1 1
+1 1
+4 1
+47 1
+1 1
+1 1
+1 1
+1 1
+1 1
+1 1
+1 1
+1 1
+1 1
+1 1
+1 1
+1 1

fl=(7)
fn=(486) lookup_malloc_symbol
61 8
+3 4
-3 16
+3 4
-3 4
+3 8
-1 4
+1 12
cfi=(78)
cfn=(270)
calls=4 840 
* 2280
+4 28
+1 28
+2 4
fi=(150) ./elf/./dl-sym-post.h
-30 8
+12 12
fe=(7)
+19 20

fn=(12)
42 1
+1 2
+1 2
+1 2
+1 2
+1 1

fn=(482)
76 2
+10 1
fi=(149) ./elf/../sysdeps/generic/dl-hash.h
-41 1
fe=(7)
+31 1
fi=(149)
-32 1
fe=(7)
+32 5
+11 1
-1 1
fi=(149)
-43 1
+5 3
+14 4
-17 3
+3 15
+14 20
-17 15
fe=(7)
+46 2
fi=(149)
-24 1
fe=(7)
+22 1
+2 2
fi=(149)
-19 1
fe=(7)
+19 1
cfn=(486)
calls=1 -30 
* 619
+1 3
-1 1
+1 1
cfn=(486)
calls=1 -31 
* 619
+1 3
-1 1
+1 1
cfn=(486)
calls=1 -32 
* 605
+1 3
-1 1
+1 1
cfn=(486)
calls=1 -33 
* 597
+5 1
+1 1
+1 1
+1 1
+1 7

fl=(27)
fn=(76)
35 130
+1 26
+11 26
-11 52
+11 52
+3 26
-3 26
+3 148
+18 26
+1 26
+2 104
-16 8
+1 4
+2 2
+1 14
cfi=(60)
cfn=(188)
calls=2 -12 
* 18
* 2
+2 4
+2 4
+2 2
+4 2
-4 4
-23 1
-1 1
+1 1
+1 2
-2 2

fn=(72)
78 10
+4 10
-4 40
+7 10
+1 30
fi=(28)
-30 10
cfi=(27)
cfn=(76)
calls=10 -21 
* 285
fe=(27)

fn=(176)
95 3
+2 12

fl=(70)
fn=(224)
25 8
+1 16
+1 4

fl=(26)
fn=(82)
31 8
+2 4
-2 8
+2 4
-2 8
+2 4
cfi=(24)
cfn=(84)
calls=4 +9 
* 12
+2 31
+3 36
+2 3
+2 3
+4 3
+4 3
-4 6
+1 3
+4 3
-4 3
+1 3
+3 3
-3 3
+3 3
-1 3
cfi=(24)
cfn=(84)
calls=3 -8 
* 9
-4 1
+4 1
-4 2
+1 1
+4 1
-4 1
+1 1
+3 1
-3 1
+3 1
-1 1
cfi=(24)
cfn=(84)
calls=1 -8 
* 3
-5 2

fn=(70)
59 56
+3 8
+18 3
+3 3
-3 3
+3 3
cfi=(22)
cfn=(60)
calls=3 -42 
* 69
+4 6
-4 6
+9 6
fi=(28)
-48 9
cfi=(27)
cfn=(72)
calls=3 +34 
* 136
fe=(26)
+48 1
fi=(28)
-48 3
cfi=(27)
cfn=(72)
calls=1 +34 
* 43
* 4
fe=(26)
+51 8
+5 4
-2 4
+6 4
-4 4
+4 4
-5 4
+4 4
+1 4
-1 4
+1 8
cfi=(29)
cfn=(80)
calls=4 212 
* 55
* 8
+2 4
+13 8
+6 1
+2 7
+3 2
-3 21
+3 6
+9 4
-7 4
+4 4
+3 17
+2 1
-2 3
+2 15
-2 45
+16 8
-5 4
+5 4
-6 4
+6 4
-6 4
+6 8
+2 6
+3 6
-3 6
+7 12
+4 6
+8 2
+3 2
+10 3
-10 6
+10 9
+2 3
+21 3
-21 3
cfi=(22)
cfn=(60)
calls=3 41 
* 105
* 9
+17 3
-13 9
+50 9
cfi=(29)
cfn=(128)
calls=3 -46 
* 47
* 3
+5 6
+1 6
-1 100
+1 100
+2 6
+3 3
+3 3
+4 36
131 11
-12 6
+34 1
+7 4
+8 12
fi=(28)
56 6
cfi=(27)
cfn=(76)
calls=3 -21 
* 75
* 3
fe=(26)
200 12
64 2
+2 3
+1 2
+10 5
-6 2

fl=(74)
fn=(244)
361 6
+4 5
-2 2
+4 30
cfn=(246) _dl_check_map_versions
calls=5 155 
* 7174
-2 5
+2 15
-1 5
-1 10
+5 7

fn=(246)
155 40
+15 5
-15 10
+15 10
+2 25
+2 5
+1 5
-1 5
+1 5
+2 10
+3 6
-16 3
-8 3
+28 3
-4 3
+4 6
+16 3
36 6
200 3
36 15
200 2
36 4
200 2
36 10
+1 16
-1 32
+2 63
cfi=(53)
cfn=(162)
calls=21 +30 
* 2490
* 42
208 15
+5 5
-71 10
+71 15
+8 5
-2 5
-2 10
+4 5
-4 30
+4 8
-2 8
-2 16
+4 8
-4 78
56 52
+8 39
+6 39
+16 13
+1 26
+2 13
+5 117
+14 304
+12 417
+4 139
-30 278
224 52
+3 39
+5 8
-11 8
110 13
+3 52
cfi=(32)
cfn=(90)
calls=13 -5 
* 325
* 57
236 20
+5 4
-44 2
+1 2
+52 6
+3 12
+10 56
-7 224
+3 168
-3 12
+3 9
+8 8
+6 4
fi=(28)
44 4
fe=(74)
273 4
fi=(28)
44 4
cfi=(27)
cfn=(72)
calls=4 +34 
* 144
fe=(74)
272 4
fi=(28)
44 4
fe=(74)
274 8
+13 4
-3 4
+3 16
+2 12
+3 12
+4 15
+7 13
+1 13
-1 39
+1 13
+1 13
-2 13
+2 26
+1 39
+3 39
+5 8
-15 8
+2 8
-2 8
+2 8
-2 8
+2 16
-2 5
+2 5
-2 5
+2 5
-2 5
+2 10
+16 15
+5 2
-28 2
+62 45
-29 12
+3 12
+4 56
+6 56
+1 56
+1 56
-1 168
+1 56
-1 56
+1 56
+1 56
+3 168
+4 56
-14 118
+10 9
164 2
+86 2
-94 2
+94 3

fl=(39)
fn=(110)
29 1
fi=(18)
+2 1
fe=(39)
+7 1
fi=(18)
-7 2
-1 2
fe=(39)
+22 1
fi=(18)
-20 3
+4 1
fe=(39)
+2 1
fi=(18)
-2 2
+3 4
+1 4
+5 1
fe=(39)
-7 1
fi=(18)
+7 3
fe=(39)
-2 1
fi=(18)
+5 2
+1 3
+2 4
+1 2
+1 2
+6 1
fe=(39)
-11 1
fi=(18)
+11 1
-3 2
fe=(39)

fl=(1) ???
fn=(0) 0x0000000000020290
0 2
cfi=(2)
cfn=(2)
calls=1 527 
0 179125
0 14
cfi=(162)
cfn=(532)
calls=1 77 
0 453
0 3
cob=(6)
cfi=(169)
cfn=(568) (below main)
calls=1 0 
0 188216280

fl=(53)
fn=(162)
68 234
+1 78
cfi=(32)
cfn=(90)
calls=39 +39 
* 1490
* 78
+3 39
+2 78
+6 39
-6 78
+1 141
cfi=(32)
cfn=(90)
calls=47 +33 
* 2074
* 94
+8 8
-13 8
+13 55
-1 31
+1 93

fn=(212)
36 2
+3 1
-3 6
+3 1
-3 1
+3 1
cfi=(55)
cfn=(170)
calls=1 -11 
* 19
+1 2
+23 7
-21 4
cfi=(58)
cfn=(184)
calls=1 -13 
* 15
* 2
+2 2
+3 2
+13 2
cfi=(64)
cfn=(198)
calls=1 -35 
* 6
* 1
-11 6
cfi=(60)
cfn=(188)
calls=1 -2 
* 9
* 2

fl=(25)
fn=(68)
28 2
+1 2
+3 62
+13 55
-13 110
+2 112
+1 16
+5 1
-3 1
+3 1
+2 1
+7 1

fl=(19)
fn=(46)
255 24
-5 24
+16 12
-16 72
+13 12
+1 36
-3 24
+11 60
+5 24
+2 12
+1 12
-1 12
+5 48
cfn=(48) intel_check_word.constprop.0
calls=12 123 
* 3876
+2 24
+3 60
cfn=(48)
calls=12 123 
* 1156
+2 24
+3 5
cfn=(48)
calls=1 123 
* 20
+2 2
+3 5
cfn=(48)
calls=1 123 
* 255
+2 2
-35 3
+39 3
+5 96

fn=(48)
123 78
-4 78
+10 104
-10 26
+10 52
+2 52
+71 200
-71 102
+2 63
+2 126
+8 126
+51 102
+22 51
fi=(20) ./elf/../bits/stdlib-bsearch.h
28 51
-1 102
+4 102
+1 51
fe=(19)
+78 102
fi=(20)
-79 76
+1 38
fe=(19)
+78 76
+3 345
fi=(20)
-84 820
+2 512
+1 256
fe=(19)
+78 512
+15 15
246 104
fi=(20)
37 63
-8 151
fe=(19)
155 36
+3 36
-6 54
+3 14
+9 14
+23 19
-32 57
+3 57
+4 50
+2 100
+2 50
+2 36
+4 11
+2 22
+6 14
+3 8
+1 12
-8 4
+2 4
-1 4
-1 4
+2 8
-2 4
+3 12
-2 12
+2 8
-10 24
+1 10
+11 12
-26 4
+9 4
+23 2
-32 6
+3 6
+4 8
+2 16
+2 8
-11 3
+7 6
+2 12

fn=(52)
481 1
+17 1
-17 4
+16 1
-16 1
+15 1
-15 3
+18 1
-1 1
+9 2
+3 3
+11 1
-11 1
-5 1
+21 3
+4 2
681 4
+1 5
+4 2
+9 2
-2 1
+2 2
-1 1
+1 3
535 6
+3 8
+7 2
-7 9
+7 6
+3 26
+14 2
+4 1
+3 1
+1 1
-4 2
+3 3
+6 2
-37 6
+15 2
+4 1
+1 1
-1 2
+18 2
-68 6
+74 4
+8 7
+2 2
+4 3
+2 1
+2 5
-4 1
+16 1
-16 3
+21 2
-21 4
+3 1
+1 4
-4 1
+6 4
+3 2
+5 1
+2 2
+1 1
+1 1
-2 2
+1 1
-19 5
+46 2
+1 1
+1 2
+2 2
-1 3
-23 2
+7 1
+2 2
-16 1
+22 1
-6 2
+1 1
+5 1

fl=(29)
fn=(80)
212 21
+1 21
+6 21
+1 21
+2 14
+1 14
+1 14
+2 8
+1 8
+1 8
+2 8
360 7
+1 7
+2 1
+4 1
+1 1
+1 1
+1 1
+1 1
+4 1
+2 1
+39 6
+1 6
+1 6
+1 6
+1 6
+7 6
+1 6
+1 6
+1 6
+1 6
+1 6
+1 6
+11 6
+1 6
+2 6
+1 6
+1 6

fn=(128)
199 11
+1 11
+1 11
+1 11
+17 11
+1 11
+2 4
+1 4
+1 4
+2 3
+1 3
+1 3
+2 3
360 7
+1 7
+2 5
+4 5
+1 2
+1 2
+1 2
+1 2
+1 2
+1 2
+2 2
+2 2
+6 3
+1 3
+1 3
+1 3
+1 3
+29 2
+1 2
+1 2
+1 2
+1 2
+7 1
+1 1
+1 1
+1 1
+1 1
+1 1
+1 1
+11 1
+1 1
+2 1
+1 1
+1 1

fl=(48)
fn=(940)
96 5
+1 20

fn=(142)
28 6
+2 1
-1 1
+1 2
+6 6

fn=(524)
40 6
+4 3
-4 3
+4 3
-4 3
+4 3
-4 6
+4 3
+1 3
+1 12
+4 18

fn=(590) _dl_audit_preinit
117 1
+1 4

fn=(200)
76 3
+1 12

ob=(6)
fl=(188) /home/shihcw/graph500-2.1.4/compat.h
fn=(644) tic
36 198
fi=(190) /home/shihcw/graph500-2.1.4/timer.c
+7 264
cob=(2)
cfi=(50)
cfn=(646) 0x0000000000109230
calls=66 -43 
* 858
+2 198
fe=(188)

fl=(190)
fn=(724) toc
49 462
+19 264
cob=(2)
cfi=(50)
cfn=(646)
calls=66 -68 
* 858
+1 726
+1 660
+3 132
+1 396

fl=(202) /home/shihcw/graph500-2.1.4/generator/graph_generator.h
fn=(722) write_edge
64 61440
+1 36864
+1 36864
+1 36864

fn=(790) get_v1_from_edge
60 36864
+1 24576
+1 24576

fn=(788) get_v0_from_edge
56 36864
+1 24576
+1 24576

fl=(177) /home/shihcw/graph500-2.1.4/options.c
fn=(602) get_options
39 6
+5 1
+1 1
+1 1
+2 3
cob=(2)
cfi=(50)
cfn=(604) 0x00000000001091d0
calls=1 -48 
* 389
* 2
+4 24
+76 1
cob=(2)
cfi=(50)
cfn=(624) 0x0000000000109200
calls=1 0 
* 6
* 1
+1 5
cob=(2)
cfi=(50)
cfn=(628) 0x00000000001092b0
calls=1 0 
* 127
* 1
+1 1
cob=(2)
cfi=(50)
cfn=(624)
calls=1 0 
* 6
* 3
+4 3
+6 1
cob=(2)
cfi=(50)
cfn=(624)
calls=1 0 
* 6
* 1
+1 5
cob=(2)
cfi=(50)
cfn=(628)
calls=1 0 
* 127
* 1
+1 1
cob=(2)
cfi=(50)
cfn=(624)
calls=1 0 
* 6
* 3
+4 3
-95 18
cob=(2)
cfi=(50)
cfn=(612) 0x0000000000109300
calls=3 -51 
* 888
* 9
232 2
+2 2
+24 2
+10 3

fl=(205) /home/shihcw/graph500-2.1.4/xalloc.c
fn=(740) xmalloc_large
83 975
+21 585
cfi=(192) /home/shihcw/graph500-2.1.4/generator/utils.c
cfn=(656) xmalloc
calls=195 -73 
* 39560
+2 390

fn=(794) xfree_large
110 980
+22 588
cob=(2)
cfi=(50)
cfn=(796) 0x00000000001091e0
calls=196 0 
* 25162
+2 588

fn=(738) xmalloc_large_ext
138 10
+82 6
cfn=(740)
calls=2 83 
* 531
+2 4

fl=(203) /home/shihcw/graph500-2.1.4/seq-csr/seq-csr.c
fn=(744) gather_edges
136 6
+3 2
+1 86016
cfi=(204) /home/shihcw/graph500-2.1.4/seq-csr/../generator/graph_generator.h
cfn=(732) get_v0_from_edge
calls=12288 -84 
* 86016
* 12288
+1 86016
cfi=(204)
cfn=(734) get_v1_from_edge
calls=12288 -81 
* 86016
* 12288
+1 86016
+1 60890
cfn=(746) scatter_edge
calls=12178 -50 
* 292272
+1 60890
cfn=(746)
calls=12178 -51 
* 292272
-5 49155
+9 1
cfn=(748) pack_edges
calls=1 -21 
* 7291669
+1 3

fn=(806) free_graph
51 3
+1 3
cfi=(205)
cfn=(794)
calls=1 +58 
* 79
+1 3
cfi=(205)
cfn=(794)
calls=1 +57 
* 140
+1 3

fn=(730) find_nv
27 6
+3 1
+1 2
+1 86016
cfi=(204)
cfn=(732)
calls=12288 +24 
* 86016
* 36864
+1 21
cfi=(204)
cfn=(732)
calls=3 +23 
* 21
* 3
+1 21
cfi=(204)
cfn=(734)
calls=3 +26 
* 21
* 85995
cfi=(204)
cfn=(734)
calls=12285 +26 
* 85995
* 36864
+1 21
cfi=(204)
cfn=(734)
calls=3 +25 
* 21
* 3
-4 49155
+6 3
+1 3

fn=(746)
93 121780
+2 243560
+1 146136
+1 73068

fn=(728) create_graph_from_edgelist
153 6
+1 5
cfn=(730)
calls=1 27 
* 467052
+1 3
cfn=(736) alloc_graph
calls=1 42 
* 244
* 2
+1 5
cfn=(742) setup_deg_off
calls=1 -95 
* 982065
* 2
+4 5
cfn=(744)
calls=1 -24 
* 8501816
+1 1
+1 2

fn=(742)
61 6
+2 2
+1 10250
-1 12305
+2 2
+1 86016
cfi=(204)
cfn=(732)
calls=12288 -10 
* 86016
* 12288
+1 86016
cfi=(204)
cfn=(734)
calls=12288 -7 
* 86016
* 12288
+1 36864
+1 109602
+1 109602
-5 49155
+8 1
+1 2
+1 6144
+1 2337
+1 1734
+1 578
-4 1156
+3 4410
+1 1470
-4 2943
+6 6
+1 2
+1 12288
-1 4099
+2 5
cfi=(205)
cfn=(738)
calls=1 +55 
* 326
* 4
+2 3
+1 2
+1 124060
-1 124064
+2 1
+1 2

fn=(760) i64cmp
101 661915
+1 397149
+1 397149
+1 503185
+1 373997
+1 11414
+1 264766

fn=(804) destroy_graph
210 3
+1 1
cfn=(806)
calls=1 51 
* 231
+1 3

fn=(748)
127 4
+3 2
+1 3072
cfn=(750) pack_vtx_edges
calls=1024 -20 
* 7284488
-1 4099
+2 4

fn=(750)
111 5120
+2 15360
+1 19845
cob=(2)
cfi=(50)
cfn=(752) 0x0000000000109210
calls=735 0 
* 6403766
+1 4410
+1 5880
+1 281964
+1 177111
-2 241585
+3 735
+1 2205
+1 36980
-1 80575
+2 6615
-9 289
+10 2048

fn=(798) make_bfs_tree
167 448
+1 128
+1 64
+2 64
+3 192
+2 256
cfi=(205)
cfn=(740)
calls=64 -93 
* 13504
* 64
+1 128
+2 128
+1 327680
-1 262336
+3 192
+1 384
+1 128
+1 64
+1 632
+2 948
+1 329856
+1 439808
+2 384832
+1 6512640
+1 7598080
+1 329472
+1 439296
-4 4506688
-4 220852
+12 632
-15 1140
+18 192
cfi=(205)
cfn=(794)
calls=64 -93 
* 8960
+2 64
+1 128

fn=(736)
42 5
+1 4
+1 3
cfi=(205)
cfn=(738)
calls=1 +94 
* 225
* 1
+1 3
+1 1
+1 2

fl=(192)
fn=(654) make_mrg_seed
51 6
+1 5
+1 8
+1 7
+1 8
+1 11
+1 3

fn=(656)
31 980
+1 588
cob=(2)
cfi=(50)
cfn=(658) 0x00000000001092d0
calls=196 -32 
* 38739
* 196
+1 392
+4 196
+1 392

fl=(169)
fn=(568)
0 12
cob=(3)
cfi=(170) ./csu/../csu/libc-start.c
cfn=(570) __libc_start_main@@GLIBC_2.34
calls=1 242 
0 188216268

fn=(932) 0x0000000000001390
0 5

fn=(580) 0x0000000000001440
0 12

fn=(916)
0 9
cob=(2)
cfi=(50)
cfn=(922) 0x00000000001091c0
calls=1 0 
0 74
0 1
cfn=(932)
calls=1 0 
0 5
0 3

fl=(191) /home/shihcw/graph500-2.1.4/generator/make_graph.c
fn=(652) make_graph
42 13
+2 2
+1 2
+5 6
cfi=(192)
cfn=(654)
calls=1 +1 
* 48
+2 3
+1 4
cfi=(192)
cfn=(656)
calls=1 -22 
* 1923
* 1
+1 3
+4 9
cfi=(200) /home/shihcw/graph500-2.1.4/generator/graph_generator.c
cfn=(688) generate_kronecker_range
calls=1 167 
* 53046692
+1 6

fl=(201) /home/shihcw/graph500-2.1.4/generator/mod_arith_64bit.h
fn=(698) mod_mul
26 867270
+1 346908
+1 346908
+1 2775264
+1 346908

fn=(700) mod_mac_y
85 1110010
+1 1332012
cfn=(702) mod_mac
calls=222002 -54 
* 7104064
+1 444004

fn=(702)
32 1332012
+1 444004
+1 444004
+1 444004
+1 3996036
+1 444004

fn=(696) mod_mac4
59 436932
+1 97096
+1 97096
+1 97096
+1 97096
+1 97096
+1 97096
+1 97096
+1 97096
+1 97096
+1 1359344
+1 97096

fn=(704) mod_mac3
48 655398
+1 145644
+1 145644
+1 145644
+1 145644
+1 145644
+1 145644
+1 145644
+1 1747728
+1 145644

fn=(712) mod_mul_x
77 499624
+1 499624
cfn=(698)
calls=124906 -52 
* 3372462
+1 249812

fn=(706) mod_mac2
39 582576
+1 145644
+1 145644
+1 145644
+1 145644
+1 145644
+1 1529262
+1 145644

fl=(176) /home/shihcw/graph500-2.1.4/graph500.c
fn=(812) output_results
319 19
+6 33
+1 29
+1 4
+5 7
+1 14
cob=(2)
cfi=(50)
cfn=(814) 0x0000000000109250
calls=1 0 
* 7918
+3 12
cob=(2)
cfi=(50)
cfn=(814)
calls=1 0 
* 12056
+1 6
cob=(2)
cfi=(50)
cfn=(814)
calls=1 0 
* 3138
+1 6
cob=(2)
cfi=(50)
cfn=(814)
calls=1 0 
* 3250
+1 6
cob=(2)
cfi=(50)
cfn=(814)
calls=1 0 
* 878
+2 8
cob=(2)
cfi=(50)
cfn=(888) 0x00000000001092c0
calls=1 0 
* 79
+1 7
cfn=(890) statistics
calls=1 -91 
* 21506
+1 9
cob=(2)
cfi=(50)
cfn=(814)
calls=1 0 
* 3485
* 10
cob=(2)
cfi=(50)
cfn=(814)
calls=1 0 
* 3549
* 10
cob=(2)
cfi=(50)
cfn=(814)
calls=1 0 
* 3511
* 10
cob=(2)
cfi=(50)
cfn=(814)
calls=1 0 
* 3551
* 10
cob=(2)
cfi=(50)
cfn=(814)
calls=1 0 
* 3718
* 10
cob=(2)
cfi=(50)
cfn=(814)
calls=1 0 
* 3490
* 10
cob=(2)
cfi=(50)
cfn=(814)
calls=1 0 
* 3489
+2 2
+1 896
-1 259
+2 7
cfn=(890)
calls=1 -96 
* 19390
+1 9
cob=(2)
cfi=(50)
cfn=(814)
calls=1 0 
* 4543
* 10
cob=(2)
cfi=(50)
cfn=(814)
calls=1 0 
* 4591
* 10
cob=(2)
cfi=(50)
cfn=(814)
calls=1 0 
* 4558
* 10
cob=(2)
cfi=(50)
cfn=(814)
calls=1 0 
* 4591
* 10
cob=(2)
cfi=(50)
cfn=(814)
calls=1 0 
* 4543
* 10
cob=(2)
cfi=(50)
cfn=(814)
calls=1 0 
* 4548
* 10
cob=(2)
cfi=(50)
cfn=(814)
calls=1 0 
* 3190
+2 2
+1 1344
-1 259
+2 7
cfn=(890)
calls=1 251 
* 21184
+1 9
cob=(2)
cfi=(50)
cfn=(814)
calls=1 0 
* 5110
* 10
cob=(2)
cfi=(50)
cfn=(814)
calls=1 0 
* 5209
* 10
cob=(2)
cfi=(50)
cfn=(814)
calls=1 0 
* 5120
* 10
cob=(2)
cfi=(50)
cfn=(814)
calls=1 0 
* 5168
* 10
cob=(2)
cfi=(50)
cfn=(814)
calls=1 0 
* 5126
* 10
cob=(2)
cfi=(50)
cfn=(814)
calls=1 0 
* 5175
* 10
cob=(2)
cfi=(50)
cfn=(814)
calls=1 0 
* 5134
+1 6

fn=(890)
251 24
+6 21
cob=(2)
cfi=(50)
cfn=(752)
calls=3 0 
* 41845
+1 12
+1 21
+1 9
+1 18
+3 72
+1 21
+1 9
+1 18
+3 66
+1 30
+1 9
+1 18
+3 75
+1 27
+2 21
+1 12
+1 2268
-1 573
+2 12
+1 18
+1 33
+1 9
+1 12
+1 2268
+1 945
-2 573
+4 33
cob=(2)
cfi=(50)
cfn=(894) 0x0000000000109340
calls=3 0 
* 30
* 6
+2 48
+1 6
+1 4914
-1 957
+2 24
+1 12
+7 54
+1 9
+1 6
+1 4914
+1 945
-2 957
+4 12
cob=(2)
cfi=(50)
cfn=(894)
calls=3 0 
* 30
* 54
+1 18
+1 12

fn=(726) run_bfs
119 7
+5 3
+1 1
cfi=(188)
cfn=(644)
calls=1 -89 
* 23
* 5
cfi=(203)
cfn=(728)
calls=1 +28 
* 9951208
* 2
cfi=(190)
cfn=(724)
calls=1 -76 
* 53
* 2
+1 3
+1 2
+10 3
+1 4
cfi=(205)
cfn=(740)
calls=1 -55 
* 211
* 1
+3 2
+1 5120
-1 4099
+3 2
+1 73728
cfi=(202)
cfn=(788)
calls=12288 -89 
* 86016
* 12288
+1 73728
cfi=(202)
cfn=(790)
calls=12288 -86 
* 86016
* 12288
+1 36864
+1 133958
-4 49155
+9 1
+1 1
+1 1
+1 3033
cfi=(187) /home/shihcw/graph500-2.1.4/generator/splittable_mrg.c
cfn=(792) mrg_get_double_orig
calls=1011 273 
* 300267
* 2022
+1 18299
+1 640
-3 6069
+5 3
+11 3
cfi=(205)
cfn=(794)
calls=1 -61 
* 140
* 1
+16 2
+4 256
cfi=(205)
cfn=(740)
calls=64 83 
* 13504
* 64
+1 512
+2 192
+1 64
cfi=(188)
cfn=(644)
calls=64 36 
* 1472
* 640
cfi=(203)
cfn=(798)
calls=64 -28 
* 21379980
* 128
cfi=(190)
cfn=(724)
calls=64 49 
* 3392
* 384
+1 192
+2 128
+5 192
+1 768
cfi=(214) /home/shihcw/graph500-2.1.4/verify.c
cfn=(800) verify_bfs_tree
calls=64 82 
* 102710724
* 320
+1 192
+1 448
+6 192
cfi=(205)
cfn=(794)
calls=64 110 
* 8960
-25 259
+28 1
cfi=(203)
cfn=(804)
calls=1 -5 
* 238
+1 6

fn=(600) main
58 6
+7 2
+1 5
cfi=(177)
cfn=(602)
calls=1 -27 
* 1659
+2 6
+2 1
cfi=(185) /home/shihcw/graph500-2.1.4/prng.c
cfn=(634) init_random
calls=1 -42 
* 532
+2 4
+2 3
+1 3
+7 3
+1 3
+1 3
+5 1
cfi=(188)
cfn=(644)
calls=1 -53 
* 23
* 9
cfi=(191)
cfn=(652)
calls=1 -47 
* 53048712
* 1
cfi=(190)
cfn=(724)
calls=1 -40 
* 53
* 2
+2 3
+16 1
cfn=(726)
calls=1 +12 
* 134978482
+2 3
cfi=(205)
cfn=(794)
calls=1 +1 
* 79
+2 20
cfn=(812)
calls=1 319 
* 183938
+3 1
+1 2

fn=(892) dcmp
238 4452
+1 2226
+1 2226
+1 2782
+1 1936
+1 1536
+4 1484

fl=(204)
fn=(732)
56 110601
+1 73734
+1 73734

fn=(734)
60 110601
+1 73734
+1 73734

fl=(185)
fn=(634)
28 4
+1 1
+1 3
cob=(2)
cfi=(50)
cfn=(604)
calls=1 -30 
* 424
* 2
+6 4
+1 2
+1 5
cfn=(640) make_mrg_seed
calls=1 -20 
* 47
+1 5
cfi=(187)
cfn=(642) mrg_seed
calls=1 279 
* 32
+1 3

fn=(640)
18 5
+1 5
+1 8
+1 7
+1 8
+1 11
+1 3

fl=(214)
fn=(802) compute_levels
19 512
+1 64
+7 128
+1 589568
-1 261888
+1 320
-1 448
+4 128
+1 458752
+1 119488
+1 685248
+1 98368
+1 49184
+2 49184
+1 384384
+1 329472
+1 54912
-3 1101600
+5 147552
+1 98368
+2 98368
+3 295104
+1 98368
+1 49184
+1 109824
+1 439296
+1 329472
-3 728672
+5 344288
+4 49184
+1 98368
+1 344288
+1 49184
+1 976232
+1 732174
+1 732174
+1 122029
-4 1198491
+9 119488
-40 5792
-1 262336
+44 64
+1 128

fn=(800)
82 576
+1 128
+1 128
+5 192
+7 640
+3 64
+1 64
+1 256
cfi=(205)
cfn=(740)
calls=64 -18 
* 13760
* 64
+1 320
+2 384
cfn=(802)
calls=64 -85 
* 11612076
* 64
+2 128
+4 64
+2 128
+1 327680
-1 262336
+5 128
+1 4718592
+1 5505024
+2 1572864
+2 3145728
+1 2359296
+1 2359296
+1 1572864
+1 3932160
+4 11010048
+1 11010048
+1 1572864
+1 7077888
+8 786432
+2 2359296
+1 5455744
+1 82090
+1 5455744
+1 264430
+2 634632
+2 105772
-2 8802552
+2 3039956
+2 1572864
-37 3932416
+40 128
+3 128
+1 131072
+1 327680
+1 842688
+2 458304
+2 130944
-7 262336
+12 128
+2 192
cfi=(205)
cfn=(794)
calls=64 -64 
* 8960
+1 128
+1 128
+1 128

fl=(187)
fn=(710) mrg_orig_step
171 749436
+1 749436
cfi=(201)
cfn=(712)
calls=124906 -95 
* 4621522
* 374718
cfi=(201)
cfn=(700)
calls=124906 -87 
* 5620770
* 124906
+1 499624
+1 499624
+1 499624
+1 499624
+1 374718
+1 499624

fn=(694) mrg_apply_transition
116 267014
+32 582576
cfi=(201)
cfn=(696)
calls=24274 -89 
* 1383618
* 218466
cfi=(201)
cfn=(698)
calls=24274 26 
* 655398
* 72822
cfi=(201)
cfn=(700)
calls=24274 -63 
* 1092330
* 24274
+1 461206
cfi=(201)
cfn=(704)
calls=24274 48 
* 1189426
* 339836
cfi=(201)
cfn=(706)
calls=24274 39 
* 995234
* 72822
cfi=(201)
cfn=(700)
calls=24274 -64 
* 1092330
* 24274
+1 291288
cfi=(201)
cfn=(706)
calls=24274 39 
* 995234
* 485480
cfi=(201)
cfn=(704)
calls=24274 48 
* 1189426
* 97096
cfi=(201)
cfn=(700)
calls=24274 -65 
* 1092330
* 24274
+1 169918
cfi=(201)
cfn=(698)
calls=24274 26 
* 655398
* 606850
cfi=(201)
cfn=(696)
calls=24274 -92 
* 1383618
* 97096
cfi=(201)
cfn=(700)
calls=24274 -66 
* 1092330
* 24274
+1 655398
cfi=(201)
cfn=(704)
calls=24274 48 
* 1189426
* 169918
cfi=(201)
cfn=(706)
calls=24274 39 
* 995234
* 24274
+1 72822
+1 72822
+1 72822
+1 72822
+1 72822
+2 194192

fn=(692) mrg_step
164 145644
+1 145644
cfn=(694)
calls=24274 -49 
* 20268790
+1 72822

fn=(690) mrg_skip
186 98312
+3 49156
+4 24578
+1 48640
+1 534100
cfn=(692)
calls=24273 -31 
* 20632050
-2 121858
+4 24578
+1 2
+1 22
cfn=(692)
calls=1 -35 
* 850
-2 24582
+4 49156

fn=(642)
279 10
+1 8
+1 10
+1 10
+1 10
+1 10
+1 6

fn=(792)
273 5055
+1 3033
cfn=(708) mrg_get_uint_orig
calls=1011 -7 
* 134463
* 8088
+1 3033
cfn=(708)
calls=1011 -8 
* 134463
* 7077
-1 2022
+3 3033

fn=(708)
267 624530
+1 374718
cfn=(710)
calls=124906 -97 
* 15113626
+1 249812
+1 249812

fl=(200)
fn=(716) generate_4way_bernoulli
41 860160
+4 368640
cfi=(187)
cfn=(708)
calls=122880 267 
* 16343040
* 122880
+1 368640
+6 122880
+4 368640
+1 1105920
+1 415566
+1 198834
+1 344891
+1 152194
+2 292030
+4 6179
+1 245760

fn=(688)
167 12
+2 6
+3 5
cfi=(187)
cfn=(642)
calls=1 279 
* 32
+4 10
+1 6
cfi=(187)
cfn=(690)
calls=1 +9 
* 1780
+1 3
cfi=(187)
cfn=(708)
calls=1 +89 
* 133
* 1
+1 5
+1 3
cfi=(187)
cfn=(708)
calls=1 +87 
* 133
* 1
+1 3
cfi=(187)
cfn=(708)
calls=1 +86 
* 133
* 1
+1 5
+1 3
cfi=(187)
cfn=(708)
calls=1 +84 
* 133
* 1
+10 3
+1 122880
+1 73728
cfi=(187)
cfn=(690)
calls=12288 -9 
* 21606104
+1 208896
cfn=(714) make_one_edge
calls=12288 -62 
* 30971223
* 12288
-3 49155
+5 6

fn=(718) scramble
120 172032
+1 49152
+1 98304
+1 122880
+1 73728
cfn=(720) bitreverse
calls=24576 -51 
* 1056768
* 172032
+1 172032
+1 122880
+1 73728
cfn=(720)
calls=24576 -54 
* 1056768
* 172032
+1 172032
+1 24576
+1 49152

fn=(714)
134 135168
+1 24576
+1 12288
+1 737280
cfn=(716)
calls=122880 -96 
* 21316254
* 122880
+1 737280
+1 860160
+1 368640
+1 368640
+2 95445
+1 12108
+1 12108
+1 12108
+3 36324
+1 6054
+1 24216
+1 24216
-16 12108
+13 700956
+1 116826
+1 467304
+1 467304
-16 258228
+18 73728
cfn=(718)
calls=12288 -34 
* 1794048
* 86016
cfn=(718)
calls=12288 -34 
* 1794048
* 73728
cfi=(202)
cfn=(722)
calls=12288 -90 
* 172032
+3 49152

fn=(720)
73 147456
+9 147456
+6 589824
+1 540672
+1 540672
+1 49152
+25 98304

ob=(3)
fl=(93)
fn=(308)
31 2
fi=(94) ./wcsmbs/../sysdeps/x86_64/multiarch/ifunc-avx2.h
+2 10
-1 4
+2 6
+2 4
+4 6
+3 8
fe=(93)
-12 2

fl=(193) ./malloc/./malloc/malloc.c
fn=(786) _int_free
4421 1992
+10 249
-10 747
+10 498
+6 1245
+1 498
+4 996
+8 1245
-1 498
+1 498
+43 498
4702 2739
4569 498
+3 249
+3 747
+7 249
-4 249
+4 498
+3 498
+5 747
+3 498
+1 498
+1 498
2012 747
4601 498
+9 498
+62 498
+20 747
-19 747
+3 498
+2 249
-2 249
-23 249
+1 747
+1 498
-68 747
-2 498
+93 996

fn=(670) tcache_init.part.0
3235 3
+9 8
+1 3
cfn=(672) _int_malloc
calls=1 1343 
* 367
* 1
+1 2
+8 4
+7 2
+2 1
+1 2
-1 1
+1 86
+3 4

fn=(674) sysmalloc
2548 27
+20 12
+11 6
+1 7
+26 1
+1 3
+1 1
+9 4
+6 3
+3 3
2941 2
+1 1
+5 2
+3 2
+5 2
-2 1
+2 1
-1 1
+1 1
-3 1
+3 1
+1 1
-1 3
+1 1
+2 2
2581 6
+4 6
+9 8
cfn=(684) sysmalloc_mmap.constprop.0
calls=2 2420 
* 126
+1 4
2964 33
2687 2
+9 4
+13 3
+8 5
+8 2
+39 2
+2 3
+6 2
+3 2
2896 1
-1 1
+1 3
+1 1
+11 2
fi=(194) ./malloc/./malloc/arena.c
565 1
fe=(193)
2727 1
cfi=(196) ./malloc/./malloc/morecore.c
cfn=(678) __glibc_morecore
calls=1 25 
* 57
+1 2
-1 1
+1 1
2028 1
2729 1
2028 1
2729 1
2028 2
2730 1
+3 2
+33 2
2610 2
2775 2
+40 3
+22 1
+1 1
-1 1
+1 6
+2 2
+1 3
cfi=(196)
cfn=(678)
calls=1 25 
* 28
+12 2
-12 1
+12 1
2028 4
2897 4
2765 2
-52 3

fn=(660) malloc
3287 1512
+7 504
1343 502
+19 1008
3306 1008
+3 502
+10 756
+28 1260
1362 252
3304 756
-63 4
cfn=(670)
calls=1 -6 
* 484
+68 2
+2 3
+10 1008
cfn=(672)
calls=252 1343 
* 36442
+1 1260
fi=(194)
162 500
315 1
cfn=(664) ptmalloc_init.part.0
calls=1 -2 
* 1128
fe=(193)
1343 2

fn=(672)
1343 506
3771 253
1362 253
3771 2024
1362 506
3904 1
+2 1
-2 1
+2 2
1362 506
3811 506
4397 506
3838 506
+63 506
+62 8955
+1 756
4399 2
3903 1
4399 13
3983 1
+1 1
-1 2
-1 2
+2 2
-1 252
+1 252
-1 504
-1 504
+2 504
-2 756
+12 252
-6 252
+73 1008
-67 757
-6 1
+73 4
-67 3
4413 2277
4183 506
+2 756
+3 252
-3 252
+3 504
+68 506
+1 253
+1 253
-1 253
+1 253
+1 506
+1 759
+5 506
3963 8
4269 759
+3 184
-3 138
+3 4
-3 2
4369 253
+1 506
+2 506
+3 765
+17 9
3904 3
4380 250
-2 500
+2 250
-1 250
+6 250
-5 250
-3 250
+3 250
+2 250
-2 1000
2005 250
4382 250
2005 500
4407 12
cfn=(674)
calls=3 2548 
* 445
* 3
+1 6
2005 9

fn=(684)
2420 6
+13 6
+5 4
+3 18
cfi=(199) ./misc/../sysdeps/unix/sysv/linux/mmap64.c
cfn=(686) mmap
calls=2 47 
* 18
* 2
+3 4
+4 4
2028 8
2466 6
+19 2
-1 2
+5 2
-4 4
+4 4
+1 10
+3 6
+1 10
+5 10

fn=(768) free
3352 934
+4 1868
-4 251
+14 251
-14 502
+12 251
+4 251
-4 251
+4 502
+17 747
fi=(194)
162 747
fe=(193)
3391 498
cfn=(786)
calls=249 4421 
* 25398
+3 249
+1 996
-23 6
+2 8
+2 2
+1 2
-1 2
+1 2
+1 2
+3 4
cfn=(808) munmap_chunk
calls=2 3044 
* 70
+13 2
+1 691

fn=(808)
3044 2
+2 2
-1 2
+1 2
-1 2
+1 2
+2 4
+4 2
-1 4
+7 2
-8 2
+8 2
-6 2
+7 2
-1 4
+1 8
+3 2
+1 6
+5 2
+1 2
-1 2
cfi=(212) ./misc/../sysdeps/unix/syscall-template.S
cfn=(810) munmap
calls=2 117 
* 12

fl=(88)
fn=(296)
29 1
fi=(89) ./string/../sysdeps/x86_64/multiarch/ifunc-memset.h
+21 5
+3 3
+7 2
+9 2
+2 2
+10 2
+8 2
+2 5
fe=(88)

fl=(96)
fn=(314)
28 1
fi=(83) ./string/../sysdeps/x86_64/multiarch/ifunc-avx2.h
+5 5
-1 2
+2 3
+2 2
+4 3
+3 4
fe=(96)
-15 1

fl=(196)
fn=(678)
25 2
+1 4
-1 2
+4 2
cfi=(197) ./misc/./misc/sbrk.c
cfn=(680) sbrk
calls=2 +8 
* 67
+1 4
+4 4

fl=(109)
fn=(348)
29 1
fi=(110) ./string/../sysdeps/x86_64/multiarch/ifunc-memcmp.h
+5 2
+1 1
-1 2
+1 2
+1 2
+1 3
+2 2
+4 3
+3 3
fe=(109)
-17 1

fl=(121)
fn=(382)
33 1
fi=(100) ./string/../sysdeps/x86_64/multiarch/ifunc-strcpy.h
+3 2
+1 1
-1 2
+1 2
+2 2
+4 3
+3 3
fe=(121)
-13 1

fl=(212)
fn=(810)
117 10
+5 2

fn=(778) sysinfo
120 5
+2 1

fl=(95)
fn=(312)
61 1
-20 2
+1 1
-1 2
-1 2
+2 2
+2 2
+4 3
+3 3
+10 1

fl=(115)
fn=(364)
29 1
fi=(100)
+7 2
+1 1
-1 2
+1 2
+2 2
+4 3
+3 3
fe=(115)
-17 1

fl=(156) ./resource/../sysdeps/unix/sysv/linux/getrlimit64.c
fn=(502) getrlimit
38 2
+1 7
+1 1

fl=(179) ./string/../sysdeps/x86_64/multiarch/strlen-avx2.S
fn=(610) __strlen_avx2
50 52
+13 52
+1 52
+1 52
+3 52
+2 52
+1 52
+3 52
+1 52
+8 52
+1 52
+1 52
+5 104

fl=(122)
fn=(386)
29 1
fi=(123) ./string/../sysdeps/x86_64/multiarch/ifunc-evex.h
+6 5
-1 2
+2 3
+5 2
-3 2
+9 3
+3 4
fe=(122)
-21 1

fl=(232) ./stdlib/../sysdeps/x86_64/mul_1.S
fn=(872) __mpn_mul_1
31 486
+1 486
+3 486
+1 486
+1 486
+1 486
+1 486
+2 486
+1 486
+2 486
+1 486
+1 486
+1 486
+1 424
+2 423
+1 423
+1 423
+1 423
+19 1
+1 1
+1 1
+1 1
+1 1
+1 1
+2 62
+1 62
+1 62
+1 62
+1 62
+1 62
+1 62
+1 62
+1 62
+17 1
+1 1
+1 1
+1 1
+1 1
+1 1
+1 1
+1 1
+1 1
+1 1
+1 1
+1 1
-2 62
+1 62
+1 62
+2 63
+1 63
+1 63
+1 63
+1 63
+1 63
+2 63
+3 63
-5 423
+2 423
+3 423

fl=(97)
fn=(318)
29 2
fi=(92) ./string/../sysdeps/x86_64/multiarch/ifunc-memmove.h
+24 6
-1 4
+4 6
+14 4
+2 4
+8 4
+8 4
+2 10
fe=(97)

fl=(207) ./string/../sysdeps/x86_64/multiarch/memmove-vec-unaligned-erms.S
fn=(850) __mempcpy_avx_unaligned_erms
294 159
+1 159
+1 159
+1 159
+17 159
+1 159
+42 159
+1 159
+2 128
+1 128
+2 121
+4 121
+1 85
+1 85
+1 85
+1 85
+1 25
+1 25
+2 25
+2 25
-2 60
+2 60
+6 36
+1 36
+1 36
+1 36
+1 36
+7 31
+1 31
+1 31
+1 31
+2 31
+17 7
+1 7
+1 7
+1 7
+1 7

fn=(764) __memcpy_avx_unaligned_erms
307 34450
+1 34450
+6 34450
+1 34450
+2 7935
+1 7935
+1 7935
+3 4764
+1 4764
+1 4764
+3 9528
+30 26515
+1 26515
+2 15644
+1 15644
+33 10871
+1 10871
+1 10871
+1 10871
+2 10871
+17 15644
+1 15644
+1 15644
+1 15644
+1 15644
+7 1662
+1 1662
+1 1662
+1 1662
+1 1662
+1 1662
+1 3324
+5 3171
+1 3171
+5 3170
+1 3170
+2 2525
+1 2525
+1 2525
+2 863
+1 863
+1 863
+1 863
+1 863
+1 863
+1 863
+1 863
+1 863
+1 863
+1 863
+1 863
+1 863
+1 863
+1 1726
+4 645
+1 645
+4 645
+2 645
+4 645
+1 645
+11 645
+3 645
+2 645
+2 645
+4 645
+1 645
+9 619
+1 619
+2 619
+2 619
+1 619
+1 619
+3 619
+2 619
+2 619
+2 1238
+6 619
+1 619
+1 619
+1 619
+1 619
+1 619
+1 619
+1 619
+1 619
+1 619
+1 619
+1 619
-11 2201
+1 2201
+1 2201
+1 2201
+1 2201
+1 2201
+1 2201
+1 2201
+1 2201
+1 2201
+1 2201
+1 2201
+2 619
+1 619
+1 619
+1 619
+2 619
+4 1238
+13 26
+1 26
+2 26
+1 26
+1 26
+2 26
+2 26
+2 52
+6 26
+1 26
+1 26
+1 26
+1 26
+1 26
+1 26
+1 26
+1 26
+1 26
+1 26
+1 26
-11 56
+1 56
+1 56
+1 56
+1 56
+1 56
+1 56
+1 56
+1 56
+1 56
+1 56
+1 56
+2 26
+1 26
+1 26
+1 26
+2 26
+1 52
+9 1
+7 1
+1 1
+30 1
+1 1
+4 1
+2 1
+3 1
+4 1
+1 1
+3 1
+1 1
+24 1
+2 1
+2 1
+2 1
+3 1
+1 1
+2 11689
+3 1
+2 1
+2 2

fl=(82)
fn=(284)
31 2
fi=(83)
+2 10
-1 4
+2 6
+2 4
+4 6
+3 8
fe=(82)
-12 2

fl=(111)
fn=(352)
31 2
fi=(112) ./wcsmbs/../sysdeps/x86_64/multiarch/ifunc-wmemset.h
+2 10
+1 6
+2 4
+8 6
+3 8
fe=(111)
-16 2

fl=(116)
fn=(368)
31 1
fi=(257) ./string/../sysdeps/x86_64/multiarch/ifunc-strcasecmp.h
+1 5
fe=(116)
-1 1

fl=(181) ./string/../sysdeps/x86_64/multiarch/strchr-avx2.S
fn=(822) __strchrnul_avx2
51 79
+2 79
+1 79
+1 79
+1 79
+1 79
+3 79
+1 79
+4 79
+1 79
+1 79
+1 79
+1 79
+1 79
+1 79
+1 79
+6 79
+1 158

fn=(622) __strchr_avx2
51 2
+2 2
+1 2
+1 2
+1 2
+1 2
+3 2
+1 2
+4 2
+1 2
+1 2
+1 2
+1 2
+1 2
+1 2
+1 2
+3 2
+1 2
+2 2
+1 4

fl=(184) ./stdlib/../stdlib/strtol_l.c
fn=(632) ____strtol_l_internal
225 6
+54 2
-54 8
+19 2
-19 6
+14 2
-14 2
+26 4
+31 8
+9 12
+2 4
+5 4
-1 2
+6 4
+4 4
+10 4
+10 8
-82 4
377 2
+56 8
309 2
449 2
+10 6
-10 2
+10 2
+12 4
-5 4
+5 4
+1 12
-41 8
+2 12
+2 12
+28 12
+3 8
+11 4
+5 6
+6 4
324 4
491 6
-2 4
+17 10
+18 16

fl=(227) ./stdio-common/./stdio-common/printf_fp.c
fn=(860) __printf_fp
1278 28
+1 28
-1 56
+1 84
cfn=(862) __printf_fp_l
calls=28 216 
* 83738

fn=(880) hack_digit
170 2128
+3 2128
+2 532
+2 1064
-2 1064
+8 494
+21 471
cfi=(232)
cfn=(872)
calls=157 31 
* 3297
+1 314
+1 700
+4 785
-23 1729
cfi=(241) ./stdlib/./stdlib/divrem.c
cfn=(902) __mpn_divrem
calls=247 46 
* 10186
+2 247
-2 247
+2 741
+1 247
+2 494
+1 988
+1 180
-1 584
+7 314
-23 285
+1 855
-1 285
+1 285
cfi=(232)
cfn=(872)
calls=285 31 
* 6213
* 285
+31 285
+1 1425
-11 90
+1 90
+10 450

fn=(862)
216 448
+50 28
-9 28
+17 28
-8 84
+32 28
-21 28
-11 56
+11 56
fi=(228) ./stdio-common/../include/../locale/localeinfo.h
+38 84
fe=(227)
-35 56
+18 56
+8 28
-72 28
-1 28
388 28
-1 56
+5 56
+4 196
1272 336
396 168
cfi=(229) ./stdlib/../sysdeps/ieee754/dbl-64/dbl2mpn.c
cfn=(866) __mpn_extract_double
calls=28 33 
* 617
* 112
+36 28
+5 28
-49 28
+44 112
+1 28
+1 56
+3 336
+1 28
-1 28
+1 84
-1 28
+1 56
-1 28
+1 224
+1 28
-1 56
+1 364
+6 28
-6 56
+7 56
+17 13
+4 52
-4 26
+16 26
+11 13
-41 13
+10 13
+31 13
-30 91
+33 39
+41 13
+1 26
-1 13
+1 39
cob=(2)
cfi=(50)
cfn=(762) 0x0000000004967620
calls=13 0 
* 169
+16 130
+18 14
-9 14
+2 28
-2 130
+2 260
-74 312
-4 156
+4 637
-4 13
+4 52
+15 39
-13 78
+53 26
-2 156
cfi=(231) ./stdlib/./stdlib/mul.c
cfn=(870) __mpn_mul
calls=26 48 
* 1950
+5 52
+1 52
+7 125
cob=(2)
cfi=(50)
cfn=(762)
calls=25 0 
* 325
+1 75
+1 75
+1 25
+3 25
-5 25
+1 25
+1 50
-1 25
+1 25
+5 50
+1 26
+6 26
+4 13
+4 13
-4 13
+4 26
-4 172
+6 14
831 28
+10 28
-10 28
+10 28
+6 28
-16 28
+10 56
+6 28
-6 56
+2 56
+58 56
+15 28
-1 112
+7 28
fi=(235) ./stdio-common/../sysdeps/pthread/allocalim.h
27 56
cfi=(234) ./nptl/./nptl/alloca_cutoff.c
cfn=(876) __libc_alloca_cutoff
calls=28 * 
* 308
+2 84
fe=(227)
932 504
+4 28
-3 28
+3 84
+3 140
-6 112
+9 84
cfn=(880)
calls=28 170 
* 2189
* 28
-3 56
+3 112
+4 168
+2 56
-4 28
+4 28
+14 28
-2 84
+1 112
+1 56
+1 112
+3 476
-1 476
+2 476
-1 476
cfn=(880)
calls=476 170 
* 35266
* 476
+3 952
-7 1428
+1 1400
437 56
548 78
963 84
+15 84
+1 112
cfn=(880)
calls=28 170 
* 2027
+2 84
-2 28
+2 140
+2 36
+3 12
-3 5
+8 30
-9 5
fi=(236) ./stdio-common/../sysdeps/generic/get-rounding-mode.h
94 5
+1 20
-1 23
+1 176
fi=(237) ./stdio-common/../include/rounding-mode.h
-43 72
+6 8
fe=(227)
1097 60
+7 40
+3 84
+13 84
+2 56
+20 28
-20 56
+19 56
+1 28
-1 56
+5 56
+14 84
+6 56
+2 56
-2 140
+2 140
+2 224
+10 140
+8 28
+7 28
-7 56
+7 56
+5 84
cob=(2)
cfi=(50)
cfn=(608) 0x0000000004967490
calls=28 0 
* 448
+2 56
-2 28
+2 56
+5 84
+2 28
-2 28
+2 56
+11 448
+7 336
+3 1232
+3 1232
-6 1848
+1 1932
+1 56
-2 28
+2 28
cob=(2)
cfi=(50)
cfn=(848) 0x00000000049673e0
calls=28 0 
* 560
* 28
-2 56
+10 168
+17 168
fi=(258) ./stdio-common/../libio/libioP.h
940 84
+2 56
+1 56
fe=(227)
1254 196
cfi=(218) ./libio/./libio/fileops.c
cfn=(826) _IO_file_xsputn@@GLIBC_2.2.5
calls=28 -57 
* 4984
* 140
+3 84
+11 84
1008 8
-5 24
+5 8
-1 8
+1 16
+2 2
-2 4
+3 2
-3 24
+5 16
+4 16
+11 16
+69 24
649 30
825 4
cfi=(230) ./stdlib/../sysdeps/x86_64/lshift.S
cfn=(868) __mpn_lshift
calls=1 28 
* 16
* 1
+1 5
+1 2
551 117
cfi=(240) ./stdlib/./stdlib/cmp.c
cfn=(900) __mpn_cmp
calls=39 31 
* 468
+3 39
-3 92
845 28
+2 84
+1 56
+8 28
+2 28
-1 28
+10 28
-11 56
1151 84
840 56
1175 84
665 42
+5 14
-5 14
cfi=(230)
cfn=(868)
calls=14 28 
* 224
+5 14
-18 14
+10 14
+3 14
+1 14
+24 14
-20 14
-4 56
+3 14
+1 28
+23 36
+1 24
+3 24
+1 12
-1 24
+1 12
+8 12
-7 24
+7 12
-9 12
+2 12
-2 12
+2 12
+7 24
+22 18
+61 162
-2 162
+2 632
675 162
+2 324
+7 12
+1 24
-1 12
+4 12
-4 12
+2 12
-2 24
+6 48
cfi=(231)
cfn=(870)
calls=12 48 
* 900
* 12
+5 36
+42 22
-1 11
+1 22
+5 33
-6 11
+6 11
+3 33
-37 12
+4 12
-2 6
+2 24
+16 18
+2 12
+1 1
1177 56
474 13
-2 13
+2 13
-3 26
+3 26
-3 13
+3 26
-3 13
cfi=(230)
cfn=(868)
calls=13 28 
* 208
+4 117
+1 26
+1 65
260 56
983 18
579 12
+16 6
+1 6
-1 12
+1 12
+3 6
+9 6
-9 6
+1 12
+8 6
+31 6
-21 12
+19 6
-1 12
+1 6
-1 18
cfi=(233) ./stdlib/../sysdeps/x86_64/rshift.S
cfn=(874) __mpn_rshift
calls=6 28 
* 108
+4 12
-1 6
+1 24
cfi=(233)
cfn=(874)
calls=6 28 
* 108
+3 6
+1 30
-1 38
791 24
+4 30
cfi=(232)
cfn=(872)
calls=6 31 
* 205
+4 12
+1 6
-4 6
+4 12
-4 6
+3 6
+1 24
+9 6
+1 6
-1 6
+4 70
1203 56
779 20
cfi=(233)
cfn=(874)
calls=10 28 
* 180
+3 10
+7 10
-7 30
1171 12
608 7
-3 7
+3 49
+16 14
+2 7
-2 7
cfi=(233)
cfn=(874)
calls=7 28 
* 126
+3 14
-1 7
+1 7
-1 7
+1 21
cfi=(233)
cfn=(874)
calls=7 28 
* 126
+2 57
1122 28
+20 28
808 18
cfi=(233)
cfn=(874)
calls=6 28 
* 112
* 6
-62 22
+10 11
-3 11
+3 53
+13 30
-7 3
+1 1
-1 1
cfi=(230)
cfn=(868)
calls=1 28 
* 20
+3 1
+24 1
-27 1
+2 3
+1 2

fl=(229)
fn=(866)
33 84
+4 56
-2 28
+2 28
+1 140
+9 56
+9 28
-9 28
+9 56
+4 2
+2 1
+45 2
-4 27
+4 27
-4 27
+4 27

fl=(91)
fn=(304)
29 2
fi=(92)
+24 6
-1 4
+4 6
+14 4
+2 4
+8 4
+8 4
+2 10
fe=(91)

fl=(174) ./setjmp/../sysdeps/x86_64/setjmp.S
fn=(596) __sigsetjmp
30 1
+2 1
+9 1
+1 2
+1 1
+4 1
+1 1
+1 1
+1 1
+1 1
+2 2
+2 1
+1 1
+1 1
+2 2
+2 1
+5 1
+1 1
+17 1
cfi=(175) ./setjmp/./setjmp/sigjmp.c
cfn=(598) __sigjmp_save
calls=1 -56 
* 9

fl=(218)
fn=(986) _IO_file_setbuf@@GLIBC_2.2.5
381 3
+1 1
cfi=(219) ./libio/./libio/genops.c
cfn=(988) _IO_default_setbuf
calls=1 +70 
* 69
* 2
+3 1
+4 2
-2 3
+3 2

fn=(834) _IO_file_stat
1146 1
+1 2
cfi=(221) ./io/../sysdeps/unix/sysv/linux/fstat64.c
cfn=(836) fstat
calls=1 29 
* 15

fn=(842) _IO_do_write@@GLIBC_2.2.5
423 33
+2 99
+1 1
-3 32
fi=(224) ./libio/./libio/libioP.h
940 32
fe=(218)
423 64
fi=(224)
940 32
fe=(218)
423 32
fi=(224)
940 64
fe=(218)
423 160
+20 32
-10 64
+7 128
fi=(224)
942 64
+1 64
fe=(218)
448 128
cfn=(854) _IO_file_write@@GLIBC_2.2.5
calls=32 1173 
* 1472
* 32
+1 160
+2 32
+4 64
-3 64
-1 64
+4 64
-2 32
-28 128
+1 256
+28 64

fn=(828) _IO_file_overflow@@GLIBC_2.2.5
731 385
+1 308
+7 383
+37 76
-2 152
+3 88
+3 132
+1 132
+1 176
+4 44
+1 176
-45 2
+12 2
+9 3
+5 3
+2 2
-3 2
+3 1
+1 1
-6 1
+1 1
+5 4
+1 1
+2 2
+13 33
-12 33
+1 33
+11 66
-12 33
cfn=(842)
calls=33 423 
* 3461
-31 2
cfi=(219)
cfn=(830) _IO_doallocbuf
calls=1 343 
* 325
+1 1
+9 1
-9 5

fn=(826)
1197 660
+7 132
-7 396
+6 528
+9 264
-2 528
+17 3
+6 131
+2 131
+2 262
-2 131
+1 131
+1 131
-2 131
cob=(2)
cfi=(50)
cfn=(848)
calls=131 0 
* 2458
* 131
+4 262
+28 1188
-55 131
+4 131
-4 131
+1 262
+18 1
+12 1
fi=(224)
940 3
+2 2
+1 2
fe=(218)
1243 32
fi=(224)
940 96
+2 64
+1 64
fe=(218)
1243 99
cfn=(828)
calls=33 731 
* 4574
* 66
+6 66
+1 231
+2 66
+11 99
+1 28
cfi=(219)
cfn=(844) _IO_default_xsputn
calls=7 371 
* 2563
+2 21
-48 3252
-2 2564
+4 32
+11 96
443 64

fn=(990) _IO_file_sync@@GLIBC_2.2.5
792 5
+5 4
+2 1
+1 2
+11 2
+4 4

fn=(854)
1173 224
+2 192
+5 32
cfi=(225) ./io/../sysdeps/unix/sysv/linux/write.c
cfn=(856) write
calls=32 25 
* 288
+1 64
+5 32
+1 32
-12 64
+4 96
+1 64
+10 96
+3 192
-4 96

fl=(103)
fn=(334)
66 1
-25 4
+1 3
+2 2
+5 3
+3 3
+14 1

fl=(245)
fn=(912)
77 1
+3 3
+2 1
+2 2
-7 2
+11 2
+79 1
+3 1
+2 1
+3 1
+2 1
+1 3
-81 2
+11 4
+4 1
+3 2
-71 1
+1 8
+1 1
+84 3
+1 2

fl=(113)
fn=(356)
29 1
fi=(83)
+4 5
-1 2
+2 3
+2 2
+4 3
+3 4
fe=(113)
-14 1

fl=(194)
fn=(664)
313 1
fi=(193)
3162 3
fe=(194)
313 5
+5 1
fi=(193)
3162 2
cfi=(195) ./stdlib/../sysdeps/unix/sysv/linux/getrandom.c
cfn=(666) getrandom
calls=1 28 
* 9
* 2
fe=(194)
343 2
+4 3
fi=(193)
1966 4
+3 1
-3 1
+3 2
-3 2
+3 126
-3 126
+3 252
-3 252
fe=(194)
352 3
fi=(193)
1977 1
+1 1
+2 1
fe=(194)
352 1
cob=(2)
cfi=(50)
cfn=(508) 0x0000000004967650
calls=1 0 
* 23
+1 4
cob=(2)
cfi=(50)
cfn=(508)
calls=1 0 
* 22
+1 4
cob=(2)
cfi=(50)
cfn=(508)
calls=1 0 
* 23
+1 4
cob=(2)
cfi=(50)
cfn=(508)
calls=1 0 
* 23
+1 4
cob=(2)
cfi=(50)
cfn=(508)
calls=1 0 
* 22
+1 4
cob=(2)
cfi=(50)
cfn=(508)
calls=1 0 
* 23
+1 4
cob=(2)
cfi=(50)
cfn=(508)
calls=1 0 
* 23
+2 4
cob=(2)
cfi=(50)
cfn=(508)
calls=1 0 
* 23
+1 4
cob=(2)
cfi=(50)
cfn=(508)
calls=1 0 
* 23
+1 4
cob=(2)
cfi=(50)
cfn=(508)
calls=1 0 
* 23
+3 4
cob=(2)
cfi=(50)
cfn=(508)
calls=1 0 
* 23
+1 4
cob=(2)
cfi=(50)
cfn=(508)
calls=1 0 
* 23
+1 2
+63 7

fl=(125)
fn=(392)
33 1
fi=(92)
+20 3
-1 2
+4 3
+14 2
+2 2
+8 2
+8 2
+2 5
fe=(125)

fl=(233)
fn=(874)
28 42
+1 42
+1 42
+1 42
+13 42
+1 42
+16 42
+1 41
+1 41
+1 41
+1 41
+1 41
+1 41
+5 41
+1 41
+1 41
+1 41
+1 41
+4 1
+1 1
+1 1
+1 1
+1 1
+1 1
+1 1
+1 1
+20 1
+1 1
+1 1
+1 1
+1 1
+1 1
+1 1

fl=(189) ./time/../sysdeps/unix/sysv/linux/clock_gettime.c
fn=(648) clock_gettime@@GLIBC_2.17
30 132
+8 264
+2 264
+28 264
+1 264
-25 132
+42 132

fl=(222) ./io/../sysdeps/unix/sysv/linux/fstatat64.c
fn=(838) fstatat
153 2
-55 2
+70 3
+1 1

fl=(221)
fn=(836)
29 2
+1 2
+5 3
cfi=(222)
cfn=(838)
calls=1 153 
* 8

fl=(180) ./posix/./posix/getopt.c
fn=(614) getopt
735 21
cfn=(616) _getopt_internal
calls=3 -30 
* 855
* 6

fn=(616)
705 3
+4 3
-4 3
+3 12
+3 3
-3 3
+3 9
-3 3
+3 3
cfn=(618) _getopt_internal_r
calls=3 473 
* 777
+4 3
+1 3
-1 3
+1 6
+1 9
+2 6
+1 6

fn=(618)
473 33
+1 3
+2 6
+5 3
-2 12
+2 15
-91 1
+1 1
-1 2
+4 3
+5 2
+5 4
+79 2
+9 2
-9 6
+15 9
+2 9
+3 9
+24 18
409 1
+77 1
+1 3
+5 2
-5 6
+5 4
610 2
+1 2
-1 8
+1 6
cob=(2)
cfi=(50)
cfn=(620) 0x0000000004967600
calls=2 0 
* 46
+3 10
+1 2
+2 10
+9 6
+27 4
+46 27
556 4
-25 2
+17 2
+2 2
-42 9
+9 24
+2 6
+37 6
+10 4
+38 4
404 3
cfi=(178) ./stdlib/./stdlib/getenv.c
cfn=(606) getenv
calls=1 34 
* 387
* 3
655 2
-26 2
+26 2
-24 2
+39 4
+7 4
+16 8
+1 2
+3 2
511 6
+1 4
407 1
+85 2

fl=(114)
fn=(360)
31 1
fi=(83)
+2 5
-1 2
+2 3
+2 2
+4 3
+3 4
fe=(114)
-12 1

fl=(225)
fn=(856)
25 32
+1 224
+1 32

fl=(85)
fn=(290)
65 1
-24 2
+1 1
-1 2
+1 2
+2 2
+5 3
+3 3
+13 1

fl=(107)
fn=(342)
29 1
fi=(100)
+7 2
+1 1
-1 2
+1 2
+2 2
+4 3
+3 3
fe=(107)
-17 1

fl=(171) ./stdlib/./stdlib/cxa_atexit.c
fn=(572) __cxa_atexit
69 9
-28 2
+2 6
+1 2
cfn=(574) __new_exitfn
calls=1 +38 
* 32
+2 2
+10 1
+2 1
-5 3
+3 1
-1 1
+4 2
+1 1
-1 2
+12 6

fn=(574)
82 1
+6 2
-6 4
+11 4
-10 2
+12 4
-2 1
+10 1
-10 3
+45 1
+5 1
-4 1
+4 4
-18 1
-1 1
+1 1

fl=(80)
fn=(280)
86 1
fi=(81) ./string/../sysdeps/x86/cacheinfo.h
-25 1
+3 3
+2 1
+1 1
-1 2
+7 3
+2 1
+1 1
-1 2
+5 2
+2 2
+1 2
+1 2
+2 2
fe=(80)
* 2

fl=(240)
fn=(900)
31 39
+4 78
+2 39
+1 39
+1 78
+8 195

fl=(242) ./stdlib/./stdlib/exit.c
fn=(906) __run_exit_handlers
40 11
+5 2
+3 5
+50 1
-42 1
+2 3
+8 6
+2 1
+3 1
-3 1
+3 6
+34 1
+1 1
+1 1
-2 1
+7 1
-3 2
+3 3
+1 3
cob=(1)
cfi=(244)
cfn=(910)
calls=1 -82 
* 1136
+1 4
+10 2
+1 2
-63 1
+69 4
+2 2
+1 6
cfi=(219)
cfn=(978) _IO_cleanup
calls=1 863 
* 365
* 3
+2 2
cfi=(250) ./posix/../sysdeps/unix/sysv/linux/_exit.c
cfn=(992) _Exit
calls=1 27 
* 5
-90 1
cfi=(243) ./stdlib/./stdlib/cxa_thread_atexit_impl.c
cfn=(908) __call_tls_dtors
calls=1 149 
* 12
* 1

fn=(904) exit
142 3
+1 3
-1 1
+1 1
cfn=(906)
calls=1 40 
* 1597

fl=(248) ./posix/./posix/register-atfork.c
fn=(926) __unregister_atfork
76 6
+1 3
-1 3
+1 9
fi=(249) ./posix/../malloc/dynarray-skeleton.c
243 3
fe=(248)
65 6
+38 12
+1 6

fl=(108)
fn=(346)
31 1
fi=(257)
+1 5
fe=(108)
-1 1

fl=(208) ./posix/../sysdeps/unix/sysv/linux/x86/sysconf.c
fn=(770) sysconf
32 20
+1 6
fi=(209) ./posix/../sysdeps/unix/sysv/linux/x86/../sysconf.c
+16 16
fi=(210) ./posix/../sysdeps/posix/sysconf.c
+7 18
fi=(209)
-7 4
fe=(208)
-12 9
fi=(210)
+19 7
217 1
cfi=(213) ./misc/../sysdeps/unix/sysv/linux/getpagesize.c
cfn=(780) getpagesize
calls=1 27 
* 6
* 2
632 3
fe=(208)
37 5
fi=(210)
632 1
cfi=(211) ./misc/../sysdeps/unix/sysv/linux/getsysstats.c
cfn=(776) get_phys_pages
calls=1 302 
* 88
fe=(208)

fl=(213)
fn=(780)
27 2
+1 8
+2 2

fl=(223) ./stdio-common/./stdio-common/_itoa.c
fn=(846) _itoa_word
163 8
+3 16
+2 8
+9 148
+9 8

fl=(243)
fn=(908)
149 4
+1 4
+18 4

fl=(104)
fn=(336)
31 1
fi=(257)
+1 5
fe=(104)
-1 1

fl=(250)
fn=(992)
27 2
+3 1
+1 2

fl=(165) ./misc/./misc/init-misc.c
fn=(548) __init_misc
30 1
+1 2
-1 4
+1 3
+2 3
cob=(2)
cfi=(50)
cfn=(550) 0x00000000049675f0
calls=1 -33 
* 30
+4 5
+1 3
+2 4

fl=(175)
fn=(598)
28 3
+2 2
-1 1
+5 3

fl=(155) ./ctype/./ctype/ctype-info.c
fn=(500) __ctype_init
29 1
+2 7
+2 4
+2 4
+1 1

fl=(231)
fn=(870)
48 646
+6 76
+12 76
+76 418
-71 38
+1 76
+9 38
cfi=(232)
cfn=(872)
calls=38 -50 
* 1254
+2 114
+1 38
+4 76

fl=(164)
fn=(546)
46 4
+5 2
+4 5
+8 1
-2 1
+10 1
-9 1
+1 1
+9 2
-1 1
cfi=(165)
cfn=(548)
calls=1 -41 
* 55

fl=(197)
fn=(680)
37 4
+6 2
-6 2
+3 2
-3 4
+3 2
+3 2
+20 1
+15 10
-20 4
+1 2
cfi=(198) ./misc/../sysdeps/unix/sysv/linux/brk.c
cfn=(682) brk
calls=1 -24 
* 9
* 2
+4 1
-1 4
+4 4
+8 1
cfi=(198)
cfn=(682)
calls=1 -39 
* 9
* 2

fl=(219)
fn=(980) _IO_flush_all_lockp
686 12
+5 6
cfi=(217) ./nptl/./nptl/libc-cleanup.c
cfn=(824) __libc_cleanup_push_defer
calls=1 24 
* 10
+1 9
+3 1
-8 1
+5 2
+3 2
fi=(224)
940 4
fe=(219)
709 6
+2 3
-16 9
+2 3
+1 6
+3 21
+14 9
+1 2
cfi=(217)
cfn=(886) __libc_cleanup_pop_restore
calls=1 39 
* 8
+4 12

fn=(840) _IO_setb
329 9
+1 4
+5 2
-3 1
+3 4
+3 4

fn=(844)
371 7
+3 14
-3 56
fi=(224)
940 7
fe=(219)
371 7
fi=(224)
940 7
fe=(219)
371 7
fi=(224)
940 7
fe=(219)
371 14
+28 146
fi=(224)
942 88
+1 88
fe=(219)
399 176
cfi=(218)
cfn=(828)
calls=44 731 
* 1496
* 88
+2 44
-22 248
+25 7
-29 7
+29 49

fn=(988)
452 2
fi=(224)
940 1
fe=(219)
452 2
fi=(224)
940 1
fe=(219)
452 1
fi=(224)
940 1
fe=(219)
452 4
+1 1
fi=(224)
942 2
+1 2
fe=(219)
453 2
cfi=(218)
cfn=(990)
calls=1 792 
* 18
* 2
+4 1
330 1
462 1
-7 2
332 2
+5 1
-5 1
+5 1
467 1
332 1
466 4
+2 6
-11 1
+1 2
-1 1
330 4

fn=(830)
343 1
+1 2
-1 3
+3 4
+1 1
fi=(224)
940 3
+2 2
+1 2
fe=(219)
347 2
cfi=(220) ./libio/./libio/filedoalloc.c
cfn=(832) _IO_file_doallocate
calls=1 78 
* 299
* 2
+3 4

fn=(978)
863 2
+3 1
-3 9
-77 1
+80 1
cfn=(980)
calls=1 686 
* 126
-80 2
+80 1
-80 3
cfi=(217)
cfn=(824)
calls=1 24 
* 10
+1 9
+3 1
-3 2
+3 2
fi=(224)
940 4
fe=(219)
838 3
-48 9
+9 9
+2 6
+6 13
+8 5
+9 1
fi=(224)
942 2
+1 2
fe=(219)
824 4
cfi=(218)
cfn=(986)
calls=1 381 
* 83
+2 3
+4 5
+1 8
+11 9
+1 2
cfi=(217)
cfn=(886)
calls=1 39 
* 8
+35 12
-59 1
-2 1
+3 1
-3 1
+2 3

fl=(216) ./stdio-common/./stdio-common/vfprintf-internal.c
fn=(818) __vfprintf_internal
1180 312
+30 130
+8 79
+4 130
+11 52
+11 26
fi=(226) ./stdio-common/./stdio-common/printf-parse.h
111 52
fe=(216)
1244 130
fi=(226)
111 26
cob=(2)
cfi=(50)
cfn=(820) 0x00000000049674d0
calls=26 0 
* 546
fe=(216)
1259 26
fi=(226)
111 26
fe=(216)
1259 78
239 26
fi=(258)
940 26
fe=(216)
1263 26
fi=(258)
942 26
-2 26
fe=(216)
1263 26
fi=(258)
940 52
+2 52
+1 52
fe=(216)
239 104
cfi=(218)
cfn=(826)
calls=26 1197 
* 3644
* 52
127 234
1263 52
+4 78
+4 208
1532 26
1214 26
+34 26
-8 26
1532 78
+23 26
-39 26
+39 26
-39 26
+39 52
1313 795
+39 53
-51 53
-1 53
-1 53
-1 53
+5 53
1501 53
fi=(226)
88 53
fe=(216)
1352 53
-46 53
-4 53
+50 53
1501 53
1295 53
-1 53
-1 53
-1 53
-1 53
+16 106
1608 52
+1 52
+3 312
-4 234
1499 56
+33 56
+3 952
+20 56
1218 50
+41 104
cfi=(217)
cfn=(824)
calls=26 24 
* 260
+1 338
-1 52
1609 52
cfi=(217)
cfn=(886)
calls=26 39 
* 208
+2 26
-56 308
+9 77
-47 462
-33 3
-5 24
-1 3
+1 24
+37 52
cfi=(223)
cfn=(846)
calls=4 163 
* 188
* 124
192 8
+47 4
fi=(258)
942 12
+1 8
fe=(216)
239 16
cfi=(218)
cfn=(826)
calls=4 1197 
* 327
* 8
127 199
1517 50
-1 28
-94 28
-1 28
+1 56
+26 84
+15 340
+53 38
+73 53
fi=(226)
111 53
fe=(216)
1583 53
fi=(226)
111 106
cob=(2)
cfi=(50)
cfn=(820)
calls=53 0 
* 1113
fe=(216)
239 53
fi=(258)
942 53
fe=(216)
1593 53
fi=(226)
111 53
fi=(258)
942 53
fe=(216)
1593 53
fi=(258)
942 53
+1 106
fe=(216)
239 212
cfi=(218)
cfn=(826)
calls=53 1197 
* 11522
* 106
127 689
1593 106
+2 132
-79 8
-48 28
fi=(226)
76 28
+2 28
-2 28
+2 28
-2 28
+2 252
+1 56
+2 56
+6 28
+1 28
-1 28
+1 84
+3 28
-13 56
fe=(216)
1516 72
192 8
1516 56
1415 56
+3 112
1556 28
351 28
+1 28
1556 28
352 56
-1 56
1559 56
127 196
354 28
cfi=(227)
cfn=(860)
calls=28 1278 
* 83934
* 28
1392 2
1516 26
-98 280
+99 42
cob=(2)
cfi=(50)
cfn=(608)
calls=21 0 
* 336
* 42
-1 10
fi=(226)
78 280
+3 56
+6 28
+1 28
-1 28
+1 84
+3 28
-13 56
fe=(216)
239 21
fi=(258)
942 63
+1 42
fe=(216)
239 84
cfi=(218)
cfn=(826)
calls=21 1197 
* 1862
* 42
127 126
1516 8

fl=(182) ./csu/./csu/errno-loc.c
fn=(626) __errno_location
25 4
+1 8
+1 4

fl=(199)
fn=(686)
47 4
+3 4
+8 8
+2 2

fl=(86)
fn=(292)
29 1
fi=(87) ./wcsmbs/../sysdeps/x86_64/multiarch/ifunc-wcslen.h
+5 4
-1 2
+2 3
+2 2
+4 3
+3 3
fe=(86)
-15 1

fl=(98)
fn=(322)
30 1
fi=(94)
+3 5
-1 2
+2 3
+2 2
+4 3
+3 4
fe=(98)
-13 1

fl=(166) ./string/../sysdeps/x86_64/multiarch/strrchr-avx2.S
fn=(552) __strrchr_avx2
46 1
+1 1
+1 1
+2 1
+1 1
+3 1
+1 1
+1 1
+2 1
+1 1
+1 1
+1 1
+1 1
+1 1
+2 1
+1 1
+12 1
+1 1
219 1
+1 1
+1 1
+1 1
+1 1
+2 1
+1 1
+1 1
+1 2

fl=(183) ./stdlib/../stdlib/strtol.c
fn=(630) strtol
105 2
+1 8
cfi=(184)
cfn=(632)
calls=2 225 
* 240

fl=(172) ./csu/../sysdeps/nptl/libc_start_call_main.h
fn=(592) (below main)
29 4
+15 1
-15 5
+15 1
cfi=(173) ./setjmp/../sysdeps/x86_64/bsd-_setjmp.S
cfn=(594) _setjmp
calls=1 -16 
* 34
* 1
+2 2
+5 2
+1 2
+3 2
+3 6
cob=(6)
cfi=(176)
cfn=(600)
calls=1 * 
* 188213560
* 1
+16 1
cfi=(242)
cfn=(904)
calls=1 +68 
* 1605

fl=(246)
fn=(914)
367 1
51 3
+1 2
367 1
57 2
+8 1
-3 1
-23 1
+1 2
+30 1
369 2
40 3
+1 2
+33 2
+6 4
+4 3
+3 3

fl=(127)
fn=(398)
31 1
fi=(123)
+4 5
-1 2
+2 3
+5 2
-3 2
+9 3
+3 4
fe=(127)
-19 1

fl=(206) ./stdlib/./stdlib/msort.c
fn=(754) qsort
306 738
+1 1476
cfn=(756) qsort_r
calls=738 165 
* 6441921

fn=(758) msort_with_tmp.part.0
39 4428
+8 738
-8 738
+8 738
+1 1476
-9 738
+11 738
-11 738
+11 738
-11 1476
+11 738
-6 2662
cfn=(759) msort_with_tmp.part.0'2
calls=593 -5 
* 2723537
* 4771
cfn=(759)
calls=659 -5 
* 2784230
+12 659
-1 1318
+4 659
-3 659
+1 659
+1 659
-1 659
+2 3295
-10 1476
+33 3690
cob=(6)
cfi=(176)
cfn=(892)
calls=3 238 
* 69
cob=(6)
cfi=(203)
cfn=(760)
calls=735 +19 
* 14339
* 112070
cob=(6)
cfi=(176)
cfn=(892)
calls=123 238 
* 2766
cob=(6)
cfi=(203)
cfn=(760)
calls=22291 +19 
* 443074
* 46304
+8 11650
+4 11650
-3 11650
+1 11650
-12 23300
+79 332
-1 1660
cob=(2)
cfi=(50)
cfn=(762)
calls=332 0 
* 4781
+1 3690
+1 5166
-1 738
cob=(2)
cfi=(50)
cfn=(762)
calls=738 0 
* 41579
55 79
+1 79
-1 79
+3 79
-2 79
+1 79
+2 79
-2 79
+2 395
+21 158
+79 812
-2 812
-73 11502
+10 11502
-9 11502
+1 11502
-6 23410

fn=(759)
39 137688
+8 22948
-8 22948
+8 22948
+1 45896
-9 22948
+11 22948
-11 22948
+11 22948
-11 45896
+11 22948
-6 63590
cfn=(759)
calls=8847 -5 
* 7703152
* 110141
cfn=(759)
calls=12849 -5 
* 8739445
+12 12849
-1 25698
+4 12849
-3 12849
+1 12849
+1 12849
-1 12849
+2 64245
-10 45896
+33 114740
cob=(6)
cfi=(176)
cfn=(892)
calls=186 238 
* 4296
cob=(6)
cfi=(203)
cfn=(760)
calls=22762 +19 
* 446618
* 435125
cob=(6)
cfi=(176)
cfn=(892)
calls=430 238 
* 9511
cob=(6)
cfi=(203)
cfn=(760)
calls=86595 +19 
* 1705544
* 219946
+8 56579
+4 56579
-3 56579
+1 56579
-12 113158
+79 10393
-1 51965
cob=(2)
cfi=(50)
cfn=(762)
calls=10393 0 
* 152894
+1 114740
+1 160636
-1 22948
cob=(2)
cfi=(50)
cfn=(762)
calls=22948 0 
* 384585
55 10099
+1 10099
-1 10099
+3 10099
-2 10099
+1 10099
+2 10099
-2 10099
+2 50495
+21 20198
+79 25110
-2 25110
-73 53394
+10 53394
-9 53394
+1 53394
-6 119343

fn=(756)
165 12546
+6 1476
-5 1476
+8 1476
+2 8879
-9 683
+9 2732
+8 165
+29 330
+7 55
+1 55
-1 110
+1 55
cob=(2)
cfi=(50)
cfn=(782) 0x0000000004967380
calls=55 0 
* 10465
+1 55
-1 55
+1 55
+1 165
+13 55
-3 55
+3 55
-2 55
+1 55
+1 55
+2 110
-2 683
-3 683
+3 683
-2 683
+1 683
+1 683
+2 1366
+45 1476
+1 1476
44 4428
cfn=(758)
calls=738 -5 
* 6360912
298 1476
cob=(2)
cfi=(50)
cfn=(766) 0x0000000004967370
calls=738 0 
* 11193
+1 8118
186 2
cfi=(208)
cfn=(770)
calls=1 32 
* 131
+2 3
+9 5
+5 2
cfi=(208)
cfn=(770)
calls=1 32 
* 55
* 3
+84 1476
+2 1476
+1 1476
+1 1476

fl=(195)
fn=(666)
28 1
+1 7
+1 1

fl=(117)
fn=(370)
29 1
fi=(83)
+4 5
-1 2
+2 3
+2 2
+4 3
+3 4
fe=(117)
-14 1

fl=(99)
fn=(326)
31 1
fi=(100)
+5 2
+1 1
-1 2
+1 2
+2 2
+4 3
+3 3
fe=(99)
-15 1

fl=(154)
fn=(498)
33 7
+2 1
cfi=(155)
cfn=(500)
calls=1 -6 
* 17
+3 1
fi=(157) ./elf/../sysdeps/nptl/pthread_early_init.h
-5 2
fe=(154)
+8 1
-3 1
fi=(157)
-5 1
cfi=(156)
cfn=(502)
calls=1 +5 
* 10
* 3
+1 6
+11 1
fi=(259) ./elf/../nptl/nptl-stack.h
+13 3
fi=(157)
-13 1
fi=(259)
+13 2
fi=(157)
-4 1
fi=(259)
+4 2
fi=(157)
-6 1
fi=(259)
+6 1
fi=(157)
-12 1
+6 6
+1 1
+4 1
cfi=(158) ./nptl/./nptl/pthread_mutex_conf.c
cfn=(506) __pthread_tunables_init
calls=1 -7 
* 928
fe=(154)
-10 3
+2 2
-2 1
cfi=(161) ./nptl/../sysdeps/unix/sysv/linux/x86/elision-conf.c
cfn=(520) __lll_elision_init
calls=1 +49 
* 147

fl=(220)
fn=(832)
78 9
+6 4
fi=(224)
940 3
+2 2
+1 2
fe=(220)
84 3
cfi=(218)
cfn=(834)
calls=1 1146 
* 18
* 2
+2 4
+11 4
+4 2
cob=(2)
cfi=(50)
cfn=(782)
calls=1 0 
* 194
* 1
+1 2
+2 4
cfi=(219)
cfn=(840)
calls=1 329 
* 24
+1 1
+1 8
-15 1
fi=(260) ./libio/../include/sys/sysmacros.h
-44 6
fe=(220)
+44 1
-2 2
+5 2

fl=(126)
fn=(396)
31 1
fi=(257)
+1 5
fe=(126)
-1 1

fl=(101)
fn=(330)
31 2
fi=(102) ./wcsmbs/../sysdeps/x86_64/multiarch/ifunc-evex.h
+4 10
-1 4
+2 6
+5 4
-3 4
+9 6
+3 8
fe=(101)
-19 2

fl=(234)
fn=(876)
27 28
+1 252
+7 28

fl=(90)
fn=(300)
29 1
fi=(87)
+5 4
-1 2
+2 3
+2 2
+4 3
+3 3
fe=(90)
-15 1

fl=(105)
fn=(338)
29 1
fi=(261) ./string/../sysdeps/x86_64/multiarch/ifunc-sse4_2.h
+1 5
fe=(105)
-1 1

fl=(124)
fn=(390)
29 1
fi=(261)
+1 5
fe=(124)
-1 1

fl=(198)
fn=(682)
35 2
+1 8
+1 4
+6 2
+1 2

fl=(215) ./stdio-common/./stdio-common/printf.c
fn=(816) printf
28 535
+4 25
+1 50
-1 50
+1 25
-1 25
+1 25
-1 25
+1 25
-1 25
+1 25
cfi=(216)
cfn=(818)
calls=25 1180 
* 116761
-5 3
+4 1
+1 2
-1 2
+1 1
-1 1
+1 1
-1 1
+1 1
-1 1
+1 1
cfi=(216)
cfn=(818)
calls=1 1180 
* 846
+4 130

fl=(118)
fn=(374)
29 1
fi=(100)
+7 2
+1 1
-1 2
+1 2
+2 2
+4 3
+3 3
fe=(118)
-17 1

fl=(173)
fn=(594)
28 1
+2 1
+2 1
cfi=(174)
cfn=(596)
calls=1 -2 
* 31

fl=(230)
fn=(868)
28 29
+1 29
+1 29
+2 29
+1 29
+1 29
+12 29
+1 29
+1 28
+1 28
+1 28
+1 28
+1 28
+6 28
+1 28
+1 28
+3 1
+1 1
+1 1
+1 1
+1 1
+1 1
+1 1
+5 1
+1 1
+1 1
+1 1
+1 1

fl=(211)
fn=(776)
302 7
+3 2
cfi=(212)
cfn=(778)
calls=1 120 
* 6
+1 2
-27 1
cfi=(213)
cfn=(780)
calls=1 27 
* 6
* 1
+2 3
+5 2
+1 3
+2 1
+1 1
-3 2
+2 11
+1 11
-3 22
+20 7

fl=(84)
fn=(288)
29 1
fi=(261)
+1 5
fe=(84)
-1 1

fl=(106)
fn=(340)
43 1
-6 5
+6 1

fl=(161)
fn=(520)
96 2
+5 1
-5 1
+5 1
-5 3
+5 3
cob=(2)
cfi=(50)
cfn=(508)
calls=1 0 
* 22
+2 4
cob=(2)
cfi=(50)
cfn=(508)
calls=1 0 
* 22
+2 4
cob=(2)
cfi=(50)
cfn=(508)
calls=1 0 
* 22
+2 4
cob=(2)
cfi=(50)
cfn=(508)
calls=1 0 
* 22
+2 4
cob=(2)
cfi=(50)
cfn=(508)
calls=1 0 
* 22
+4 3
+1 1
+1 6

fl=(158)
fn=(506)
50 2
+1 2
-1 4
+1 3
cob=(2)
cfi=(50)
cfn=(508)
calls=1 -51 
* 884
+2 4
cob=(2)
cfi=(50)
cfn=(508)
calls=1 -53 
* 23
+2 6

fl=(167)
fn=(554)
83 1
+1 4
+1 3
+1 3
+2 1

fl=(241)
fn=(902)
46 3211
+3 494
+13 247
+1 247
-16 247
+18 494
+7 1285
+1 136
-1 272
+1 272
-1 272
+4 494
+3 247
234 2223
68 15
-1 15
+1 15

fl=(247) ./stdlib/./stdlib/cxa_finalize.c
fn=(924) __cxa_finalize
30 6
+3 6
-3 21
+3 12
+3 9
+4 18
-4 9
+58 12
+4 18
-4 9
+11 6
+1 6
cfi=(248)
cfn=(926)
calls=3 -30 
* 48
+1 12
+1 24

fl=(186) ./string/../sysdeps/x86_64/multiarch/strcmp-avx2.S
fn=(638) __strncmp_avx2
83 1
+3 1
+1 1
+1 1
+16 1
+2 1
+1 1
+2 1
+1 1
+1 1
+1 1
+1 1
+2 1
+1 1
+1 1
+1 1
+1 1
+1 1
+1 1
+1 1
+4 1
+1 1
+13 1
+1 1
+1 1
+3 2

fl=(119)
fn=(378)
29 1
fi=(120) ./wcsmbs/../sysdeps/x86_64/multiarch/ifunc-memcmp.h
+5 2
+1 1
-1 2
+1 2
+1 2
+1 3
+2 2
+4 3
+3 3
fe=(119)
-17 1

fl=(217)
fn=(886)
39 28
+3 56
+2 56
+1 56
+2 28

fn=(824)
24 28
+3 56
+3 112
+1 28
+2 28
+1 28

fl=(170)
fn=(570)
242 12
343 3
+1 3
cfi=(171)
cfn=(572)
calls=1 69 
* 71
+25 6
+6 2
-3 2
+10 2
cob=(2)
cfi=(50)
cfn=(586) 0x00000000049676d0
calls=1 0 
* 880
+2 2
+8 4
cfi=(172)
cfn=(592)
calls=1 29 
* 188215227
128 2
+6 3
+1 6
cob=(2)
cfi=(50)
cfn=(576) 0x0000000000109000
calls=1 0 
* 7
* 1
+3 1
+1 2
+3 2
+1 2
-1 1
+2 7
+1 4
cob=(6)
cfi=(169)
cfn=(580)
calls=1 0 
* 12
-1 4

fl=(178)
fn=(606)
34 24
+4 24
+3 6
+50 27
-26 3
cob=(2)
cfi=(50)
cfn=(608)
calls=3 -65 
* 48
+10 3
-8 3
+6 3
-8 3
+7 3
+3 678
+9 340
cob=(2)
cfi=(50)
cfn=(636) 0x0000000004967590
calls=1 -84 
* 29
* 2

ob=(4)
fl=(136)
fn=(428)
30 1
fi=(129) ./math/../sysdeps/x86_64/fpu/multiarch/ifunc-fma.h
-1 4
+1 4
fe=(136)

fl=(238) ./math/./math/w_sqrt_compat.c
fn=(896) sqrt
34 6
+1 18
+3 6
cfi=(239) ./math/../sysdeps/ieee754/dbl-64/e_sqrt.c
cfn=(898) __sqrt_finite@GLIBC_2.15
calls=6 +14 
* 18

fl=(239)
fn=(898)
52 6
+2 6
+92 6

fl=(140)
fn=(440)
27 1
fi=(131) ./math/../sysdeps/x86_64/fpu/multiarch/ifunc-avx-fma4.h
+5 5
+1 2
fe=(140)
-6 1

fl=(133)
fn=(416)
34 1
fi=(131)
-2 5
+1 2
fe=(133)
+1 1

fn=(466)
27 1
fi=(131)
+5 5
+1 2
fe=(133)
-6 1

fl=(132)
fn=(412)
27 1
fi=(129)
+2 4
+1 3
fe=(132)
-3 1

fl=(143)
fn=(452)
49 6

fl=(130)
fn=(408)
27 1
fi=(131)
+5 5
+1 2
fe=(130)
-6 1

fl=(145)
fn=(462)
26 1
fi=(131)
+6 5
+1 2
fe=(145)
-7 1

fl=(139)
fn=(436)
27 1
fi=(129)
+2 4
+1 3
fe=(139)
-3 1

fl=(142)
fn=(448)
26 1
fi=(129)
+3 4
+1 3
fe=(142)
-4 1

fl=(168)
fn=(960)
0 9
cob=(2)
cfi=(50)
cfn=(966) 0x00000000048661e0
calls=1 0 
0 74
0 1
cfn=(970) 0x000000000000e3b0
calls=1 0 
0 5
0 3

fn=(560)
0 12

fn=(970)
0 5

fl=(128)
fn=(404)
26 1
fi=(129)
+3 4
+1 3
fe=(128)
-4 1

fl=(137)
fn=(432)
27 1
fi=(138) ./math/../sysdeps/x86_64/fpu/multiarch/ifunc-fma4.h
+4 4
+1 2
fe=(137)
-5 1

fl=(135)
fn=(424)
26 1
fi=(129)
+3 4
+1 3
fe=(135)
-4 1

fl=(141)
fn=(454)
27 1
fi=(138)
+4 4
+1 2
fe=(141)
-5 1

fn=(444)
35 1
fi=(138)
-4 4
+1 2
+3 1
fe=(141)

fl=(134)
fn=(420)
27 1
fi=(129)
+2 4
+1 3
fe=(134)
-3 1

fl=(144)
fn=(458)
27 1
fi=(129)
+2 4
+1 3
fe=(144)
-3 1

fl=(146)
fn=(470)
31 1
fi=(262) ./math/../sysdeps/x86_64/fpu/multiarch/ifunc-sse4_1.h
-2 5
fe=(146)
+2 1

ob=(2)
fl=(50)
fn=(508)
0 38
cob=(1)
cfi=(10)
cfn=(24)
calls=19 405 
0 391
cob=(1)
cfi=(159)
cfn=(514)
calls=1 67 
0 857
0 5

fn=(612)
0 6
cob=(3)
cfi=(180)
cfn=(614)
calls=3 735 
0 882

fn=(658)
0 392
cob=(3)
cfi=(193)
cfn=(660)
calls=196 3287 
0 38347

fn=(820)
0 158
cob=(3)
cfi=(181)
cfn=(822)
calls=79 51 
0 1501

fn=(148)
0 2
cob=(1)
cfi=(51)
cfn=(150)
calls=1 225 
0 2811

fn=(620)
0 4
cob=(3)
cfi=(181)
cfn=(622)
calls=2 51 
0 42

fn=(848)
0 318
cob=(3)
cfi=(207)
cfn=(850)
calls=159 294 
0 2700

fn=(922)
0 2
cob=(3)
cfi=(247)
cfn=(924)
calls=1 30 
0 72

fn=(958)
0 4

fn=(752)
0 1476
cob=(3)
cfi=(206)
cfn=(754)
calls=738 306 
0 6444135

fn=(604)
0 4
cob=(3)
cfi=(178)
cfn=(606)
calls=2 34 
0 809

fn=(976)
0 4

fn=(556)
0 7

fn=(636)
0 2
cob=(3)
cfi=(186)
cfn=(638)
calls=1 83 
0 27

fn=(888)
0 2
cob=(3)
cfi=(207)
cfn=(764)
calls=1 307 
0 77

fn=(948)
0 2
cob=(3)
cfi=(247)
cfn=(924)
calls=1 30 
0 72

fn=(152)
0 12
cob=(1)
cfi=(51)
cfn=(154)
calls=6 175 
0 13095

fn=(536)
0 7

fn=(550)
0 2
cob=(3)
cfi=(166)
cfn=(552)
calls=1 46 
0 28

fn=(576)
0 7

fn=(646)
0 264
cob=(3)
cfi=(189)
cfn=(648)
calls=132 30 
0 1452

fn=(766)
0 1476
cob=(3)
cfi=(193)
cfn=(768)
calls=738 3352 
0 9717

fn=(938)
0 4

fn=(608)
0 104
cob=(3)
cfi=(179)
cfn=(610)
calls=52 50 
0 728

fn=(624)
0 8
cob=(3)
cfi=(182)
cfn=(626)
calls=4 25 
0 16

fn=(782)
0 112
cob=(3)
cfi=(193)
cfn=(660)
calls=56 3287 
0 10547

fn=(814)
0 52
cob=(3)
cfi=(215)
cfn=(816)
calls=26 28 
0 118587

fn=(966)
0 2
cob=(3)
cfi=(247)
cfn=(924)
calls=1 30 
0 72

fn=(586)
0 2
cob=(1)
cfi=(48)
cfn=(590)
calls=1 117 
0 5
cob=(1)
cfi=(159)
cfn=(514)
calls=1 67 
0 868
0 5

fn=(628)
0 4
cob=(3)
cfi=(183)
cfn=(630)
calls=2 105 
0 250

fn=(796)
0 392
cob=(3)
cfi=(193)
cfn=(768)
calls=196 3352 
0 24770

fn=(762)
0 68898
cob=(3)
cfi=(207)
cfn=(764)
calls=34449 307 
0 515435

fn=(894)
0 12
cob=(4)
cfi=(238)
cfn=(896)
calls=6 34 
0 48

totals: 188395877
